Time,ID,behv,Battery,x,y,Measurement,u,v,speed,best_x,best_y,best_measure,best_id
0.0,1,isocontour,100.0,-7.1,1.8,-120.7,,,,-7.1,1.8,-53.4,1
0.0,2,isocontour,100.0,5.4,-1.0,-3.9,,,,5.4,-1.0,-29.9,2
0.0,3,isocontour,100.0,3.0,-5.6,-17.6,,,,3.0,-5.6,-40.5,3
0.0,4,isocontour,100.0,-3.9,-2.6,-54.8,,,,-3.9,-2.6,-22.0,4
0.0,5,isocontour,100.0,1.1,-8.0,-48.2,,,,1.1,-8.0,-64.6,5
0.0,6,isocontour,100.0,-9.2,3.2,-179.4,,,,-9.2,3.2,-93.9,6
0.0,7,isocontour,100.0,5.0,-3.3,-6.0,,,,5.0,-3.3,-35.8,7
0.0,8,isocontour,100.0,-0.4,7.8,-98.5,,,,-0.4,7.8,-60.3,8
0.0,9,isocontour,100.0,4.7,-9.7,-71.1,,,,4.7,-9.7,-117.2,9
0.0,10,isocontour,100.0,-4.3,3.2,-81.5,,,,-4.3,3.2,-29.0,10
0.0,11,isocontour,100.0,2.4,1.8,-11.1,,,,2.4,1.8,-8.7,11
0.0,12,isocontour,100.0,2.6,-1.6,-0.7,,,,2.6,-1.6,-9.5,12
0.0,13,isocontour,100.0,1.2,-9.2,-66.1,,,,1.2,-9.2,-86.9,13
0.0,14,isocontour,100.0,-3.4,9.0,-155.7,,,,-3.4,9.0,-93.2,14
0.0,15,isocontour,100.0,9.1,-2.7,-33.6,,,,9.1,-2.7,-89.6,15
0.0,16,isocontour,100.0,-1.7,8.8,-131.3,,,,-1.7,8.8,-80.9,16
0.0,17,isocontour,100.0,1.5,-4.3,-11.8,,,,1.5,-4.3,-20.3,17
0.0,18,isocontour,100.0,-2.3,8.2,-125.6,,,,-2.3,8.2,-73.1,18
0.0,19,isocontour,100.0,-6.8,6.4,-165.7,,,,-6.8,6.4,-87.3,19
0.0,20,isocontour,100.0,-1.6,-0.2,-26.3,,,,-1.6,-0.2,-2.5,20
0.0,Target,,,3.43,-1.41,-13.727,1.02,3.17,,,,,
0.1,1,isocontour,99.82,-6.7,1.8,-119.5,4.1,0.3,4.1,-4.3,3.2,-29.0,10
0.1,2,isocontour,99.96,5.5,-1.2,-3.5,1.7,-1.9,2.5,2.6,-1.6,-0.7,12
0.1,3,isocontour,99.66,2.9,-6.1,-20.8,-1.4,-4.8,5.0,2.6,-1.6,-0.7,12
0.1,4,isocontour,99.99,-4.0,-2.7,-61.1,-1.5,-0.4,1.6,-1.6,-0.2,-2.5,20
0.1,5,isocontour,99.8,1.3,-8.3,-50.9,2.3,-3.5,4.2,1.5,-4.3,-11.8,17
0.1,6,isocontour,99.94,-8.9,3.3,-182.3,2.7,0.9,2.8,-4.3,3.2,-29.0,10
0.1,7,isocontour,99.6,5.2,-3.8,-7.0,1.8,-5.0,5.3,2.6,-1.6,-0.7,12
0.1,8,isocontour,99.99,-0.5,7.7,-104.8,-1.6,-0.3,1.6,-0.5,7.7,-60.3,8
0.1,9,isocontour,99.99,4.9,-9.7,-66.9,1.5,0.6,1.6,3.0,-5.6,-17.6,3
0.1,10,isocontour,99.68,-3.8,3.2,-79.6,4.9,-0.4,4.9,-1.6,-0.2,-2.5,20
0.1,11,isocontour,99.92,2.2,1.5,-12.0,-2.1,-2.4,3.2,2.6,-1.6,-0.7,12
0.1,12,isocontour,99.62,2.3,-2.0,-2.2,-3.5,-3.8,5.2,2.3,-2.0,-0.7,12
0.1,13,isocontour,99.71,1.7,-9.4,-66.1,4.3,-2.1,4.8,1.5,-4.3,-11.8,17
0.1,14,isocontour,99.96,-3.2,8.9,-158.0,2.2,-1.1,2.5,-0.4,7.8,-60.3,8
0.1,15,isocontour,99.99,8.9,-2.7,-28.4,-1.6,-0.1,1.6,5.4,-1.0,-3.9,2
0.1,16,isocontour,99.54,-1.3,8.4,-125.5,3.8,-4.1,5.6,-0.4,7.8,-60.3,8
0.1,17,isocontour,99.96,1.5,-4.5,-13.5,-0.1,-2.4,2.4,2.6,-1.6,-0.7,12
0.1,18,isocontour,99.83,-1.9,8.0,-123.9,3.2,-2.4,4.0,-0.4,7.8,-60.3,8
0.1,19,isocontour,99.82,-6.4,6.2,-164.0,3.6,-1.9,4.1,-4.3,3.2,-29.0,10
0.1,20,isocontour,99.55,-2.0,0.2,-35.3,-4.1,3.7,5.5,2.6,-1.6,-0.7,12
0.1,Target,,,3.71,-1.58,-0.111,2.85,-1.72,,,,,
0.2,1,isocontour,99.72,-6.5,2.1,-117.0,2.2,2.5,3.3,2.6,-1.6,-0.7,12
0.2,2,isocontour,99.53,5.8,-1.7,-5.1,3.0,-4.5,5.4,2.6,-1.6,-0.7,12
0.2,3,isocontour,99.29,2.8,-6.6,-22.6,-1.1,-5.1,5.2,2.6,-1.6,-0.7,12
0.2,4,isocontour,99.98,-4.1,-2.8,-60.9,-1.2,-1.0,1.6,2.6,-1.6,-0.7,12
0.2,5,isocontour,99.59,1.6,-8.7,-49.7,2.6,-3.5,4.4,2.6,-1.6,-0.7,12
0.2,6,isocontour,99.82,-8.6,3.4,-176.1,3.3,1.3,3.5,-4.3,3.2,-29.0,10
0.2,7,isocontour,99.14,4.9,-4.3,-7.2,-2.9,-4.7,5.5,2.6,-1.6,-0.7,12
0.2,8,isocontour,99.98,-0.4,7.7,-107.7,1.5,-0.5,1.6,-0.4,7.8,-60.3,8
0.2,9,isocontour,99.98,4.8,-9.6,-59.9,-0.9,1.3,1.6,2.6,-1.6,-0.7,12
0.2,10,isocontour,97.98,-3.0,3.3,-71.2,8.4,1.9,8.6,2.6,-1.6,-0.7,12
0.2,11,isocontour,99.86,1.9,1.4,-13.5,-2.2,-1.5,2.7,2.6,-1.6,-0.7,12
0.2,12,isocontour,99.58,2.1,-2.2,-2.2,-1.4,-2.0,2.4,2.1,-2.2,-0.7,12
0.2,13,isocontour,99.28,2.2,-9.4,-58.4,5.4,0.4,5.4,2.6,-1.6,-0.7,12
0.2,14,isocontour,99.58,-2.7,8.8,-154.3,5.1,-1.1,5.2,-4.3,3.2,-29.0,10
0.2,15,isocontour,99.98,8.8,-2.8,-27.9,-1.1,-1.1,1.6,2.6,-1.6,-0.7,12
0.2,16,isocontour,99.49,-1.2,8.2,-125.2,1.8,-1.9,2.6,-0.4,7.8,-60.3,8
0.2,17,isocontour,99.92,1.4,-4.7,-12.7,-0.3,-2.5,2.5,2.6,-1.6,-0.7,12
0.2,18,isocontour,99.72,-1.7,7.8,-122.0,2.8,-2.0,3.4,-4.3,3.2,-29.0,10
0.2,19,isocontour,99.73,-6.1,6.1,-158.8,2.9,-1.4,3.2,-1.6,-0.2,-2.5,20
0.2,20,isocontour,99.51,-2.1,0.3,-38.1,-1.7,1.8,2.5,2.6,-1.6,-0.7,12
0.2,Target,,,3.6,-1.9,-0.111,-1.06,-3.16,,,,,
0.3,1,isocontour,99.62,-6.2,2.3,-106.7,2.8,1.9,3.4,2.6,-1.6,-0.7,12
0.3,2,isocontour,99.44,5.7,-1.9,-5.8,-1.6,-2.8,3.2,2.6,-1.6,-0.7,12
0.3,3,isocontour,99.04,2.7,-7.0,-26.4,-1.2,-4.4,4.6,2.6,-1.6,-0.7,12
0.3,4,isocontour,99.97,-4.3,-2.9,-58.0,-1.3,-0.9,1.6,2.6,-1.6,-0.7,12
0.3,5,isocontour,99.37,1.9,-9.0,-51.6,3.0,-3.1,4.3,2.6,-1.6,-0.7,12
0.3,6,isocontour,99.35,-8.0,3.4,-155.3,5.6,-0.0,5.6,2.6,-1.6,-0.7,12
0.3,7,isocontour,98.72,4.5,-4.7,-9.1,-3.7,-4.0,5.4,2.6,-1.6,-0.7,12
0.3,8,isocontour,99.97,-0.5,7.7,-107.3,-1.6,0.4,1.6,-4.3,3.2,-29.0,10
0.3,9,isocontour,99.97,4.8,-9.4,-58.7,0.7,1.4,1.6,2.6,-1.6,-0.7,12
0.3,10,isocontour,96.65,-3.2,4.1,-78.4,-2.1,7.7,8.0,2.6,-1.6,-0.7,12
0.3,11,isocontour,99.5,1.4,1.4,-14.1,-5.2,-0.1,5.2,2.6,-1.6,-0.7,12
0.3,12,isocontour,99.41,2.1,-2.6,-1.9,-0.9,-3.9,4.0,2.1,-2.6,-0.7,12
0.3,13,isocontour,99.24,2.4,-9.4,-56.8,2.4,0.0,2.4,2.6,-1.6,-0.7,12
0.3,14,isocontour,99.44,-2.3,8.8,-145.4,3.7,-0.4,3.7,-1.6,-0.2,-2.5,20
0.3,15,isocontour,99.97,8.7,-2.7,-30.5,-0.6,1.5,1.6,2.6,-1.6,-0.7,12
0.3,16,isocontour,99.22,-0.8,7.9,-113.1,3.3,-3.3,4.7,-4.3,3.2,-29.0,10
0.3,17,isocontour,99.78,1.4,-5.1,-13.8,-0.9,-3.6,3.7,2.6,-1.6,-0.7,12
0.3,18,isocontour,99.33,-1.7,7.3,-108.8,0.0,-5.3,5.3,2.6,-1.6,-0.7,12
0.3,19,isocontour,99.68,-5.9,6.0,-146.6,2.5,-0.9,2.7,2.6,-1.6,-0.7,12
0.3,20,isocontour,99.39,-2.3,0.6,-37.9,-1.9,3.0,3.6,2.6,-1.6,-0.7,12
0.3,Target,,,3.27,-1.91,-0.111,-3.33,-0.13,,,,,
0.4,1,isocontour,99.35,-5.9,2.6,-107.5,3.0,3.5,4.6,2.6,-1.6,-0.7,12
0.4,2,isocontour,99.02,6.1,-2.3,-6.8,4.1,-3.5,5.4,2.6,-1.6,-0.7,12
0.4,3,isocontour,98.98,2.8,-7.3,-31.3,1.5,-2.5,2.9,2.6,-1.6,-0.7,12
0.4,4,isocontour,99.96,-4.2,-2.8,-60.5,1.2,1.1,1.6,2.6,-1.6,-0.7,12
0.4,5,isocontour,99.21,2.3,-8.9,-53.1,3.9,0.6,3.9,2.6,-1.6,-0.7,12
0.4,6,isocontour,99.3,-7.7,3.4,-153.0,2.7,-0.4,2.7,2.6,-1.6,-0.7,12
0.4,7,isocontour,98.35,4.7,-5.2,-13.1,1.6,-4.9,5.2,2.6,-1.6,-0.7,12
0.4,8,isocontour,99.1,-0.3,7.1,-92.2,2.8,-6.3,6.9,2.6,-1.6,-0.7,12
0.4,9,isocontour,99.96,4.8,-9.3,-58.4,0.1,1.6,1.6,2.6,-1.6,-0.7,12
0.4,10,isocontour,96.4,-3.3,3.7,-75.8,-0.8,-4.5,4.6,2.6,-1.6,-0.7,12
0.4,11,isocontour,99.07,0.9,1.2,-15.3,-5.1,-1.9,5.4,2.6,-1.6,-0.7,12
0.4,12,isocontour,99.34,2.2,-2.8,-3.2,1.1,-2.8,3.0,2.2,-2.8,-0.7,12
0.4,13,isocontour,99.19,2.7,-9.5,-60.9,2.6,-0.7,2.7,2.6,-1.6,-0.7,12
0.4,14,isocontour,99.38,-2.2,8.5,-138.0,0.5,-2.8,2.8,2.6,-1.6,-0.7,12
0.4,15,isocontour,99.96,8.8,-2.8,-29.2,1.0,-1.2,1.6,2.6,-1.6,-0.7,12
0.4,16,isocontour,98.67,-1.4,7.6,-111.7,-5.3,-2.6,5.9,2.6,-1.6,-0.7,12
0.4,17,isocontour,99.69,1.6,-5.4,-17.2,1.9,-2.6,3.2,2.6,-1.6,-0.7,12
0.4,18,isocontour,99.08,-2.0,7.0,-105.9,-3.2,-3.2,4.5,2.6,-1.6,-0.7,12
0.4,19,isocontour,99.49,-5.5,5.9,-139.9,4.1,-0.8,4.2,2.6,-1.6,-0.7,12
0.4,20,isocontour,98.93,-2.5,1.2,-45.4,-2.2,5.2,5.6,2.6,-1.6,-0.7,12
0.4,Target,,,3.54,-1.72,-0.111,2.73,1.92,,,,,
0.5,1,isocontour,98.98,-5.4,2.6,-102.5,5.2,0.3,5.2,2.6,-1.6,-0.7,12
0.5,2,isocontour,98.97,6.3,-2.5,-7.4,2.0,-1.8,2.7,2.6,-1.6,-0.7,12
0.5,3,isocontour,98.84,2.8,-7.6,-31.9,-0.6,-3.7,3.7,2.6,-1.6,-0.7,12
0.5,4,isocontour,99.94,-4.3,-2.7,-63.5,-1.6,0.2,1.6,2.6,-1.6,-0.7,12
0.5,5,isocontour,98.94,2.8,-8.9,-47.8,4.6,-0.0,4.6,2.6,-1.6,-0.7,12
0.5,6,isocontour,99.24,-7.5,3.5,-153.4,2.6,1.1,2.8,2.6,-1.6,-0.7,12
0.5,7,isocontour,97.98,4.4,-5.6,-13.2,-2.8,-4.4,5.2,2.6,-1.6,-0.7,12
0.5,8,isocontour,98.79,-0.5,6.6,-92.2,-2.1,-4.5,5.0,2.6,-1.6,-0.7,12
0.5,9,isocontour,99.52,4.3,-9.2,-52.2,-5.5,0.1,5.5,2.6,-1.6,-0.7,12
0.5,10,isocontour,95.3,-2.6,4.0,-75.5,6.7,3.3,7.5,2.6,-1.6,-0.7,12
0.5,11,isocontour,98.63,0.4,1.4,-22.0,-5.1,1.9,5.4,2.6,-1.6,-0.7,12
0.5,12,isocontour,99.09,2.3,-3.3,-3.2,1.4,-4.3,4.5,2.3,-3.3,-0.7,12
0.5,13,isocontour,99.18,2.6,-9.6,-57.8,-1.3,-1.0,1.6,2.6,-1.6,-0.7,12
0.5,14,isocontour,99.27,-2.1,8.2,-137.3,1.3,-3.3,3.5,2.6,-1.6,-0.7,12
0.5,15,isocontour,99.94,8.7,-2.9,-26.6,-1.4,-0.8,1.6,2.6,-1.6,-0.7,12
0.5,16,isocontour,98.41,-1.4,7.2,-110.0,-0.1,-4.6,4.6,2.6,-1.6,-0.7,12
0.5,17,isocontour,99.63,1.7,-5.6,-16.2,1.7,-2.3,2.9,2.6,-1.6,-0.7,12
0.5,18,isocontour,98.97,-1.9,6.6,-105.8,0.6,-3.4,3.5,2.6,-1.6,-0.7,12
0.5,19,isocontour,99.02,-5.0,5.6,-133.1,4.6,-3.2,5.6,2.6,-1.6,-0.7,12
0.5,20,isocontour,98.87,-2.7,1.4,-51.2,-1.1,2.5,2.7,2.6,-1.6,-0.7,12
0.5,Target,,,3.61,-2.05,-0.111,0.7,-3.26,,,,,
0.6,1,isocontour,98.72,-4.9,2.6,-95.3,4.6,0.0,4.6,2.6,-1.6,-0.7,12
0.6,2,isocontour,98.5,6.5,-3.0,-9.3,1.7,-5.3,5.6,2.6,-1.6,-0.7,12
0.6,3,isocontour,98.56,2.7,-8.1,-33.6,-0.3,-4.7,4.7,2.6,-1.6,-0.7,12
0.6,4,isocontour,99.93,-4.4,-2.6,-61.8,-0.5,1.5,1.6,2.6,-1.6,-0.7,12
0.6,5,isocontour,98.49,3.1,-9.3,-48.5,3.8,-4.0,5.5,2.6,-1.6,-0.7,12
0.6,6,isocontour,98.88,-7.0,3.4,-142.4,5.1,-0.8,5.2,2.6,-1.6,-0.7,12
0.6,7,isocontour,97.55,4.1,-6.1,-14.1,-2.9,-4.6,5.4,2.6,-1.6,-0.7,12
0.6,8,isocontour,98.57,-0.8,6.4,-96.0,-3.8,-2.1,4.3,2.6,-1.6,-0.7,12
0.6,9,isocontour,99.08,3.8,-9.3,-48.2,-5.5,-0.5,5.5,2.6,-1.6,-0.7,12
0.6,10,isocontour,94.85,-2.7,4.5,-85.5,-0.4,5.5,5.5,2.6,-1.6,-0.7,12
0.6,11,isocontour,98.56,0.1,1.5,-25.9,-2.9,0.8,3.0,2.6,-1.6,-0.7,12
0.6,12,isocontour,99.04,2.4,-3.5,-2.6,0.9,-2.4,2.6,2.4,-3.5,-0.7,12
0.6,13,isocontour,99.17,2.7,-9.5,-51.1,1.1,1.2,1.6,2.6,-1.6,-0.7,12
0.6,14,isocontour,98.81,-2.2,7.6,-131.5,-0.5,-5.5,5.5,2.6,-1.6,-0.7,12
0.6,15,isocontour,99.93,8.8,-2.8,-28.7,1.3,1.0,1.6,2.6,-1.6,-0.7,12
0.6,16,isocontour,98.37,-1.4,6.9,-110.4,-0.4,-2.4,2.4,2.6,-1.6,-0.7,12
0.6,17,isocontour,99.38,1.7,-6.0,-16.7,0.2,-4.5,4.5,2.6,-1.6,-0.7,12
0.6,18,isocontour,98.94,-1.9,6.4,-105.7,-0.1,-2.4,2.4,2.6,-1.6,-0.7,12
0.6,19,isocontour,98.98,-4.8,5.5,-130.3,2.2,-1.2,2.5,2.6,-1.6,-0.7,12
0.6,20,isocontour,98.63,-2.7,1.8,-56.2,-0.6,4.4,4.4,2.6,-1.6,-0.7,12
0.6,Target,,,3.49,-2.35,-0.111,-1.27,-3.08,,,,,
0.7,1,isocontour,98.68,-4.7,2.8,-87.1,2.0,1.3,2.4,2.6,-1.6,-0.7,12
0.7,2,isocontour,98.39,6.7,-3.3,-13.0,2.1,-2.8,3.5,2.6,-1.6,-0.7,12
0.7,3,isocontour,98.31,2.7,-8.6,-41.8,-0.0,-4.5,4.5,2.6,-1.6,-0.7,12
0.7,4,isocontour,99.92,-4.5,-2.7,-60.8,-1.4,-0.7,1.6,2.6,-1.6,-0.7,12
0.7,5,isocontour,98.04,2.6,-9.6,-56.1,-4.9,-2.7,5.6,2.6,-1.6,-0.7,12
0.7,6,isocontour,98.48,-6.4,3.4,-123.8,5.3,-0.5,5.3,2.6,-1.6,-0.7,12
0.7,7,isocontour,97.41,3.8,-6.3,-17.9,-2.7,-2.5,3.7,2.6,-1.6,-0.7,12
0.7,8,isocontour,98.17,-1.1,6.0,-83.9,-2.3,-4.8,5.3,2.6,-1.6,-0.7,12
0.7,9,isocontour,99.02,3.5,-9.2,-50.9,-2.7,0.4,2.7,2.6,-1.6,-0.7,12
0.7,10,isocontour,94.78,-2.7,4.3,-75.9,-0.2,-2.9,2.9,2.6,-1.6,-0.7,12
0.7,11,isocontour,98.1,-0.3,1.8,-28.2,-4.2,3.7,5.6,2.6,-1.6,-0.7,12
0.7,12,isocontour,99.0,2.4,-3.8,-3.4,0.5,-2.5,2.5,2.4,-3.8,-0.7,12
0.7,13,isocontour,99.16,2.6,-9.6,-56.0,-1.2,-1.1,1.6,2.6,-1.6,-0.7,12
0.7,14,isocontour,98.46,-2.3,7.1,-116.5,-1.5,-4.9,5.1,2.6,-1.6,-0.7,12
0.7,15,isocontour,99.92,8.8,-2.9,-31.0,-0.7,-1.5,1.7,2.6,-1.6,-0.7,12
0.7,16,isocontour,98.32,-1.6,6.7,-101.6,-1.6,-2.1,2.6,2.6,-1.6,-0.7,12
0.7,17,isocontour,98.92,2.0,-6.5,-21.2,2.6,-4.9,5.5,2.6,-1.6,-0.7,12
0.7,18,isocontour,98.89,-2.0,6.1,-95.2,-0.4,-2.5,2.5,2.6,-1.6,-0.7,12
0.7,19,isocontour,98.64,-4.4,5.2,-111.9,4.0,-3.1,5.1,2.6,-1.6,-0.7,12
0.7,20,isocontour,98.58,-2.7,2.1,-53.4,0.2,2.7,2.7,2.6,-1.6,-0.7,12
0.7,Target,,,3.26,-2.11,-0.111,-2.29,2.42,,,,,
0.8,1,isocontour,98.46,-4.3,2.9,-76.7,4.2,1.1,4.3,2.6,-1.6,-0.7,12
0.8,2,isocontour,98.27,6.8,-3.6,-17.2,1.2,-3.3,3.5,2.6,-1.6,-0.7,12
0.8,3,isocontour,97.9,2.9,-9.1,-48.4,1.7,-5.1,5.4,2.6,-1.6,-0.7,12
0.8,4,isocontour,99.91,-4.4,-2.7,-53.6,1.5,-0.6,1.6,2.6,-1.6,-0.7,12
0.8,5,isocontour,97.98,2.9,-9.4,-53.7,2.4,1.4,2.8,2.6,-1.6,-0.7,12
0.8,6,isocontour,98.41,-6.2,3.5,-114.1,2.6,1.3,2.9,2.6,-1.6,-0.7,12
0.8,7,isocontour,97.37,3.8,-6.6,-20.6,-0.4,-2.6,2.6,2.6,-1.6,-0.7,12
0.8,8,isocontour,97.7,-1.4,5.5,-76.5,-3.2,-4.6,5.6,2.6,-1.6,-0.7,12
0.8,9,isocontour,98.96,3.2,-9.3,-51.3,-2.8,-0.2,2.8,2.6,-1.6,-0.7,12
0.8,10,isocontour,94.38,-2.7,4.8,-79.3,-0.2,5.3,5.3,2.6,-1.6,-0.7,12
0.8,11,isocontour,97.74,-0.5,2.3,-31.1,-2.0,4.7,5.1,2.6,-1.6,-0.7,12
0.8,12,isocontour,98.96,2.5,-4.0,-3.7,1.0,-2.2,2.4,2.5,-4.0,-0.7,12
0.8,13,isocontour,99.15,2.5,-9.7,-57.6,-0.7,-1.3,1.5,2.6,-1.6,-0.7,12
0.8,14,isocontour,98.06,-2.2,6.6,-102.7,0.7,-5.3,5.3,2.6,-1.6,-0.7,12
0.8,15,isocontour,99.91,8.7,-2.8,-34.2,-0.3,1.6,1.6,2.6,-1.6,-0.7,12
0.8,16,isocontour,97.97,-1.5,6.2,-89.5,0.2,-5.1,5.1,2.6,-1.6,-0.7,12
0.8,17,isocontour,98.89,2.1,-6.8,-22.5,0.6,-2.3,2.4,2.6,-1.6,-0.7,12
0.8,18,isocontour,98.43,-2.1,5.6,-85.3,-1.9,-5.3,5.6,2.6,-1.6,-0.7,12
0.8,19,isocontour,98.21,-3.9,5.1,-98.8,5.4,-0.3,5.4,2.6,-1.6,-0.7,12
0.8,20,isocontour,98.11,-2.7,2.7,-54.6,-0.0,5.6,5.6,2.6,-1.6,-0.7,12
0.8,Target,,,2.92,-2.11,-0.111,-3.33,0.03,,,,,
0.9,1,isocontour,98.26,-3.9,3.1,-79.6,3.7,2.1,4.3,2.6,-1.6,-0.7,12
0.9,2,isocontour,97.82,6.7,-4.2,-15.8,-0.8,-5.5,5.6,2.6,-1.6,-0.7,12
0.9,3,isocontour,97.77,2.6,-8.9,-44.0,-3.3,1.3,3.5,2.6,-1.6,-0.7,12
0.9,4,isocontour,99.9,-4.3,-2.6,-55.5,1.0,1.2,1.6,2.6,-1.6,-0.7,12
0.9,5,isocontour,96.66,2.2,-9.9,-58.0,-6.5,-4.5,7.9,2.6,-1.6,-0.7,12
0.9,6,isocontour,98.13,-5.8,3.8,-117.7,3.8,2.9,4.8,2.6,-1.6,-0.7,12
0.9,7,isocontour,97.28,3.8,-6.9,-21.2,0.0,-3.2,3.2,2.6,-1.6,-0.7,12
0.9,8,isocontour,97.54,-1.8,5.5,-85.3,-4.0,-0.4,4.0,2.6,-1.6,-0.7,12
0.9,9,isocontour,98.8,3.4,-9.6,-53.4,1.6,-3.6,3.9,2.6,-1.6,-0.7,12
0.9,10,isocontour,94.3,-2.5,5.1,-87.1,1.6,2.6,3.1,2.6,-1.6,-0.7,12
0.9,11,isocontour,97.33,-0.9,2.6,-41.3,-4.2,3.3,5.3,2.6,-1.6,-0.7,12
0.9,12,isocontour,98.92,2.7,-4.2,-3.6,1.7,-1.7,2.4,2.7,-4.2,-0.7,12
0.9,13,isocontour,99.14,2.7,-9.7,-54.6,1.6,-0.1,1.6,2.6,-1.6,-0.7,12
0.9,14,isocontour,97.78,-2.5,6.2,-104.8,-2.4,-4.1,4.8,2.6,-1.6,-0.7,12
0.9,15,isocontour,99.9,8.7,-2.9,-31.1,-0.1,-1.6,1.6,2.6,-1.6,-0.7,12
0.9,16,isocontour,97.93,-1.7,6.0,-92.5,-1.0,-2.3,2.5,2.6,-1.6,-0.7,12
0.9,17,isocontour,98.42,2.2,-7.3,-25.8,1.5,-5.4,5.6,2.6,-1.6,-0.7,12
0.9,18,isocontour,98.37,-2.4,5.4,-90.6,-2.2,-1.9,2.9,2.6,-1.6,-0.7,12
0.9,19,isocontour,97.98,-3.4,5.2,-99.7,4.4,0.1,4.4,2.6,-1.6,-0.7,12
0.9,20,isocontour,97.97,-2.8,3.0,-65.0,-1.5,3.4,3.7,2.6,-1.6,-0.7,12
0.9,Target,,,3.18,-2.32,-0.111,2.55,-2.14,,,,,
1.0,1,isocontour,98.15,-4.0,2.8,-82.8,-0.8,-3.3,3.4,-4.0,2.8,-79.6,1
1.0,2,isocontour,97.76,6.7,-4.5,-14.3,-0.2,-2.9,2.9,6.7,-4.5,-15.8,2
1.0,3,isocontour,97.73,2.7,-9.2,-46.4,1.0,-2.3,2.5,2.7,-9.2,-44.0,3
1.0,4,isocontour,99.89,-4.1,-2.5,-58.1,1.5,0.6,1.6,-4.1,-2.5,-55.5,4
1.0,5,isocontour,96.65,2.3,-9.8,-55.6,1.1,1.2,1.6,2.3,-9.8,-58.0,5
1.0,6,isocontour,98.09,-5.6,3.8,-120.2,2.5,0.1,2.5,-5.6,3.8,-117.7,6
1.0,7,isocontour,97.23,3.7,-7.1,-22.5,-0.5,-2.5,2.5,3.7,-7.1,-21.2,7
1.0,8,isocontour,97.17,-2.2,5.2,-89.9,-4.2,-3.0,5.2,-2.2,5.2,-85.3,8
1.0,9,isocontour,98.74,3.1,-9.8,-54.2,-2.4,-1.3,2.7,3.1,-9.8,-53.4,9
1.0,10,isocontour,93.27,-2.8,4.4,-85.1,-2.3,-6.9,7.3,-2.8,4.4,-87.1,10
1.0,11,isocontour,96.91,-1.4,2.9,-51.9,-4.7,2.6,5.4,-1.4,2.9,-41.3,11
1.0,12,isocontour,98.67,2.7,-4.6,-5.6,-0.3,-4.5,4.5,2.7,-4.6,-3.6,12
1.0,13,isocontour,98.72,2.2,-10.0,-59.4,-4.4,-3.0,5.3,2.2,-10.0,-54.6,13
1.0,14,isocontour,97.74,-2.6,6.0,-106.8,-0.7,-2.3,2.4,-2.6,6.0,-104.8,14
1.0,15,isocontour,99.89,8.6,-3.0,-26.6,-1.1,-1.2,1.6,8.6,-3.0,-31.1,15
1.0,16,isocontour,97.89,-1.8,5.8,-95.3,-1.4,-2.0,2.4,-1.8,5.8,-92.5,16
1.0,17,isocontour,98.33,2.4,-7.6,-28.0,1.8,-2.6,3.2,2.4,-7.6,-25.8,17
1.0,18,isocontour,98.34,-2.6,5.5,-98.5,-2.0,0.4,2.0,-2.6,5.5,-90.6,18
1.0,19,isocontour,97.8,-3.6,4.8,-102.5,-1.9,-3.7,4.2,-3.6,4.8,-99.7,19
1.0,20,isocontour,97.52,-3.3,3.4,-79.3,-4.1,3.7,5.5,-3.3,3.4,-65.0,20
1.0,Target,,,3.5,-2.4,-0.111,3.24,-0.78,,,,,
1.1,1,isocontour,96.51,-4.3,2.0,-76.7,-2.8,-8.0,8.5,-1.4,2.9,-41.3,11
1.1,2,isocontour,97.39,6.3,-4.8,-14.0,-4.2,-3.0,5.2,2.7,-4.6,-3.6,12
1.1,3,isocontour,97.28,2.5,-9.7,-51.1,-1.7,-5.2,5.5,2.7,-4.6,-3.6,12
1.1,4,isocontour,99.88,-4.2,-2.7,-54.9,-0.7,-1.4,1.6,-4.2,-2.7,-55.5,4
1.1,5,isocontour,96.62,2.5,-9.6,-50.0,1.3,1.6,2.1,3.7,-7.1,-21.2,7
1.1,6,isocontour,97.94,-5.2,3.6,-109.3,3.4,-1.7,3.8,-1.4,2.9,-41.3,11
1.1,7,isocontour,96.78,3.5,-7.6,-25.4,-2.9,-4.7,5.5,2.7,-4.6,-3.6,12
1.1,8,isocontour,96.98,-2.3,4.8,-84.0,-0.7,-4.1,4.2,-1.4,2.9,-41.3,11
1.1,9,isocontour,98.42,2.6,-9.7,-51.1,-4.9,0.6,4.9,3.7,-7.1,-21.2,7
1.1,10,isocontour,92.95,-2.9,3.9,-78.9,-1.1,-4.8,4.9,-1.4,2.9,-41.3,11
1.1,11,isocontour,96.48,-1.9,3.2,-58.8,-4.7,2.8,5.5,-1.9,3.2,-41.3,11
1.1,12,isocontour,98.61,2.8,-4.8,-5.3,1.6,-2.3,2.8,2.8,-4.8,-3.6,12
1.1,13,isocontour,98.52,1.9,-9.8,-53.5,-3.5,2.4,4.2,3.7,-7.1,-21.2,7
1.1,14,isocontour,97.55,-2.8,5.6,-104.0,-2.6,-3.2,4.1,-1.4,2.9,-41.3,11
1.1,15,isocontour,99.88,8.5,-3.1,-27.8,-1.5,-0.5,1.6,6.7,-4.5,-14.3,2
1.1,16,isocontour,97.71,-1.9,5.4,-89.4,-0.7,-4.0,4.1,-1.4,2.9,-41.3,11
1.1,17,isocontour,98.27,2.5,-7.8,-28.2,1.1,-2.6,2.8,2.7,-4.6,-3.6,12
1.1,18,isocontour,98.07,-2.9,5.1,-95.8,-2.9,-3.6,4.6,-1.4,2.9,-41.3,11
1.1,19,isocontour,97.67,-3.4,4.5,-93.9,2.4,-2.7,3.6,-1.4,2.9,-41.3,11
1.1,20,isocontour,97.34,-3.5,3.1,-77.1,-2.5,-3.3,4.1,-1.4,2.9,-41.3,11
1.1,Target,,,3.22,-2.58,-0.111,-2.84,-1.75,,,,,
1.2,1,isocontour,96.49,-4.1,1.9,-76.0,1.7,-0.1,1.7,-1.4,2.9,-41.3,11
1.2,2,isocontour,96.92,5.9,-5.1,-12.3,-4.1,-3.8,5.6,2.7,-4.6,-3.6,12
1.2,3,isocontour,96.15,1.9,-10.1,-53.9,-6.1,-4.5,7.6,2.7,-4.6,-3.6,12
1.2,4,isocontour,99.78,-4.1,-2.4,-52.2,1.2,3.1,3.3,-1.4,2.9,-41.3,11
1.2,5,isocontour,96.12,1.9,-9.7,-47.5,-5.7,-0.7,5.7,2.7,-4.6,-3.6,12
1.2,6,isocontour,97.9,-5.0,3.6,-108.3,2.4,0.1,2.4,-1.4,2.9,-41.3,11
1.2,7,isocontour,96.54,3.1,-7.9,-24.9,-3.4,-2.8,4.4,2.7,-4.6,-3.6,12
1.2,8,isocontour,96.85,-2.4,4.4,-83.5,-0.7,-3.6,3.7,-1.4,2.9,-41.3,11
1.2,9,isocontour,98.35,2.5,-10.0,-50.3,-1.2,-2.6,2.9,2.7,-4.6,-3.6,12
1.2,10,isocontour,92.79,-2.7,3.5,-75.8,1.4,-3.7,4.0,-1.4,2.9,-41.3,11
1.2,11,isocontour,96.44,-2.1,3.3,-65.3,-2.2,1.0,2.4,-1.4,2.9,-41.3,11
1.2,12,isocontour,98.22,2.8,-5.4,-6.2,-0.8,-5.2,5.3,2.7,-4.6,-3.6,12
1.2,13,isocontour,98.51,1.9,-9.6,-46.6,0.3,1.6,1.6,2.7,-4.6,-3.6,12
1.2,14,isocontour,97.5,-2.9,5.4,-105.7,-1.0,-2.4,2.6,-1.4,2.9,-41.3,11
1.2,15,isocontour,99.87,8.6,-3.1,-30.1,1.6,0.1,1.6,2.7,-4.6,-3.6,12
1.2,16,isocontour,97.62,-2.1,5.2,-93.8,-2.7,-1.7,3.2,-1.4,2.9,-41.3,11
1.2,17,isocontour,98.07,2.3,-8.2,-28.9,-1.9,-3.7,4.2,2.7,-4.6,-3.6,12
1.2,18,isocontour,97.98,-2.8,4.8,-94.1,0.8,-3.2,3.3,-1.4,2.9,-41.3,11
1.2,19,isocontour,97.34,-3.1,4.1,-88.0,2.9,-4.1,5.0,-1.4,2.9,-41.3,11
1.2,20,isocontour,94.9,-3.8,2.1,-72.9,-2.5,-9.4,9.7,-1.4,2.9,-41.3,11
1.2,Target,,,3.14,-2.9,-0.111,-0.77,-3.24,,,,,
1.3,1,isocontour,96.32,-4.4,2.2,-83.3,-2.8,3.0,4.1,-1.4,2.9,-41.3,11
1.3,2,isocontour,96.55,5.6,-5.6,-12.7,-2.5,-4.5,5.1,2.7,-4.6,-3.6,12
1.3,3,isocontour,95.96,1.7,-9.8,-44.7,-1.5,3.8,4.1,2.7,-4.6,-3.6,12
1.3,4,isocontour,99.44,-3.9,-1.9,-49.0,1.5,4.8,5.0,-1.4,2.9,-41.3,11
1.3,5,isocontour,94.47,2.3,-10.4,-53.0,4.0,-7.6,8.6,2.7,-4.6,-3.6,12
1.3,6,isocontour,97.61,-4.5,3.7,-103.7,4.6,1.3,4.8,-1.4,2.9,-41.3,11
1.3,7,isocontour,96.29,3.0,-8.3,-26.6,-0.8,-4.5,4.6,2.7,-4.6,-3.6,12
1.3,8,isocontour,96.59,-2.7,4.1,-85.1,-3.5,-3.0,4.6,-1.4,2.9,-41.3,11
1.3,9,isocontour,97.89,2.0,-10.1,-49.0,-5.4,-1.5,5.6,2.7,-4.6,-3.6,12
1.3,10,isocontour,92.78,-2.8,3.4,-75.8,-0.1,-1.3,1.3,-1.4,2.9,-41.3,11
1.3,11,isocontour,96.34,-2.4,3.5,-72.4,-2.7,2.0,3.4,-1.4,2.9,-41.3,11
1.3,12,isocontour,98.17,2.8,-5.6,-6.0,0.3,-2.5,2.5,2.7,-4.6,-3.6,12
1.3,13,isocontour,98.45,2.1,-9.6,-41.8,2.7,0.1,2.7,2.7,-4.6,-3.6,12
1.3,14,isocontour,97.16,-2.8,4.9,-98.8,1.1,-4.9,5.0,-1.4,2.9,-41.3,11
1.3,15,isocontour,99.85,8.8,-3.0,-33.6,1.3,0.9,1.6,2.7,-4.6,-3.6,12
1.3,16,isocontour,97.17,-2.3,4.7,-90.2,-2.0,-5.2,5.6,-1.4,2.9,-41.3,11
1.3,17,isocontour,97.81,2.4,-8.7,-30.4,0.9,-4.6,4.7,2.7,-4.6,-3.6,12
1.3,18,isocontour,97.68,-3.0,4.4,-92.4,-2.3,-4.3,4.9,-1.4,2.9,-41.3,11
1.3,19,isocontour,97.12,-2.9,3.7,-82.3,1.6,-4.0,4.3,-1.4,2.9,-41.3,11
1.3,20,isocontour,94.88,-3.6,2.2,-71.4,1.7,0.3,1.7,-1.4,2.9,-41.3,11
1.3,Target,,,2.96,-3.18,-0.111,-1.8,-2.81,,,,,
1.4,1,isocontour,95.89,-3.9,2.5,-73.5,4.9,2.3,5.4,-1.4,2.9,-41.3,11
1.4,2,isocontour,96.4,5.5,-6.0,-16.7,-0.9,-3.8,3.9,2.7,-4.6,-3.6,12
1.4,3,isocontour,95.52,2.1,-10.1,-52.8,4.0,-3.8,5.5,2.7,-4.6,-3.6,12
1.4,4,isocontour,99.12,-4.1,-1.4,-49.6,-1.7,4.7,5.0,-1.4,2.9,-41.3,11
1.4,5,isocontour,94.3,2.4,-10.1,-51.6,1.4,3.7,4.0,2.7,-4.6,-3.6,12
1.4,6,isocontour,97.57,-4.3,3.6,-92.7,2.3,-1.0,2.5,-1.4,2.9,-41.3,11
1.4,7,isocontour,95.92,2.7,-8.7,-33.8,-3.7,-3.6,5.2,2.7,-4.6,-3.6,12
1.4,8,isocontour,96.23,-2.8,3.6,-74.0,-1.3,-4.9,5.1,-1.4,2.9,-41.3,11
1.4,9,isocontour,97.66,2.4,-10.0,-51.1,4.3,0.8,4.4,2.7,-4.6,-3.6,12
1.4,10,isocontour,92.5,-3.1,3.1,-71.5,-3.9,-2.6,4.7,-1.4,2.9,-41.3,11
1.4,11,isocontour,96.18,-2.7,3.7,-73.0,-3.4,1.9,3.9,-1.4,2.9,-41.3,11
1.4,12,isocontour,97.71,2.7,-6.2,-10.8,-0.5,-5.6,5.6,2.7,-4.6,-3.6,12
1.4,13,isocontour,98.09,2.2,-10.1,-52.5,0.1,-5.1,5.1,2.7,-4.6,-3.6,12
1.4,14,isocontour,96.71,-2.9,4.4,-84.7,-0.6,-5.5,5.5,-1.4,2.9,-41.3,11
1.4,15,isocontour,99.84,8.7,-3.1,-34.3,-1.0,-1.2,1.6,2.7,-4.6,-3.6,12
1.4,16,isocontour,97.04,-2.6,4.5,-83.9,-2.9,-2.1,3.6,-1.4,2.9,-41.3,11
1.4,17,isocontour,97.56,2.1,-9.0,-38.2,-2.6,-3.7,4.5,2.7,-4.6,-3.6,12
1.4,18,isocontour,97.36,-3.5,4.4,-92.2,-4.9,0.1,4.9,-1.4,2.9,-41.3,11
1.4,19,isocontour,96.32,-2.7,4.3,-82.6,2.3,6.3,6.7,-1.4,2.9,-41.3,11
1.4,20,isocontour,94.42,-3.4,2.7,-69.7,1.7,5.3,5.6,-1.4,2.9,-41.3,11
1.4,Target,,,2.8,-2.89,-0.111,-1.63,2.91,,,,,
1.5,1,isocontour,95.85,-3.8,2.7,-70.5,1.2,2.1,2.4,-1.4,2.9,-41.3,11
1.5,2,isocontour,96.09,5.1,-6.2,-18.3,-4.4,-2.2,4.9,2.7,-4.6,-3.6,12
1.5,3,isocontour,95.39,1.9,-9.8,-53.5,-2.0,3.1,3.7,2.7,-4.6,-3.6,12
1.5,4,isocontour,98.9,-4.2,-1.0,-51.1,-1.0,4.2,4.3,-1.4,2.9,-41.3,11
1.5,5,isocontour,94.14,2.3,-9.7,-51.0,-0.9,3.8,3.9,2.7,-4.6,-3.6,12
1.5,6,isocontour,97.15,-3.8,3.8,-83.8,5.0,1.9,5.3,-1.4,2.9,-41.3,11
1.5,7,isocontour,95.88,2.6,-8.9,-40.7,-0.6,-2.4,2.5,2.7,-4.6,-3.6,12
1.5,8,isocontour,96.08,-3.1,3.9,-76.1,-2.8,2.5,3.8,-1.4,2.9,-41.3,11
1.5,9,isocontour,97.64,2.4,-9.8,-52.9,-0.3,2.1,2.1,2.7,-4.6,-3.6,12
1.5,10,isocontour,92.46,-3.1,3.4,-70.1,0.1,2.5,2.5,-1.4,2.9,-41.3,11
1.5,11,isocontour,95.72,-2.7,4.2,-76.0,-0.1,5.6,5.6,-1.4,2.9,-41.3,11
1.5,12,isocontour,97.56,2.6,-6.5,-15.7,-1.7,-3.4,3.8,2.7,-4.6,-3.6,12
1.5,13,isocontour,95.54,1.2,-9.8,-55.2,-9.4,2.9,9.8,2.7,-4.6,-3.6,12
1.5,14,isocontour,96.24,-3.4,4.1,-82.0,-4.9,-2.7,5.6,-1.4,2.9,-41.3,11
1.5,15,isocontour,99.83,8.6,-3.0,-33.9,-0.5,1.5,1.6,2.7,-4.6,-3.6,12
1.5,16,isocontour,96.93,-2.3,4.3,-73.6,3.0,-1.6,3.4,-1.4,2.9,-41.3,11
1.5,17,isocontour,97.52,2.2,-9.3,-45.4,0.6,-2.4,2.5,2.7,-4.6,-3.6,12
1.5,18,isocontour,97.32,-3.3,4.1,-82.6,1.5,-2.1,2.6,-1.4,2.9,-41.3,11
1.5,19,isocontour,95.15,-2.1,4.8,-78.6,5.8,4.9,7.6,-1.4,2.9,-41.3,11
1.5,20,isocontour,93.95,-3.2,3.2,-69.6,1.8,5.3,5.6,-1.4,2.9,-41.3,11
1.5,Target,,,2.79,-2.56,-0.111,-0.1,3.33,,,,,
1.6,1,isocontour,95.81,-3.7,2.9,-66.9,1.0,2.2,2.4,-1.4,2.9,-41.3,11
1.6,2,isocontour,95.88,4.9,-6.6,-24.0,-1.2,-4.1,4.3,2.7,-4.6,-3.6,12
1.6,3,isocontour,93.12,1.0,-9.9,-60.8,-9.5,-0.3,9.5,2.7,-4.6,-3.6,12
1.6,4,isocontour,98.43,-4.1,-0.5,-49.5,0.7,5.6,5.6,-1.4,2.9,-41.3,11
1.6,5,isocontour,93.27,1.8,-9.2,-49.4,-5.1,4.6,6.9,2.7,-4.6,-3.6,12
1.6,6,isocontour,96.77,-3.3,3.9,-72.5,5.2,0.4,5.2,-1.4,2.9,-41.3,11
1.6,7,isocontour,95.79,2.3,-9.1,-47.0,-2.8,-1.5,3.2,2.7,-4.6,-3.6,12
1.6,8,isocontour,96.02,-2.8,3.9,-67.8,2.9,0.2,2.9,-1.4,2.9,-41.3,11
1.6,9,isocontour,97.39,2.3,-10.3,-64.6,-0.5,-4.5,4.5,2.7,-4.6,-3.6,12
1.6,10,isocontour,91.63,-2.9,4.0,-70.3,2.2,6.4,6.8,-1.4,2.9,-41.3,11
1.6,11,isocontour,95.64,-3.0,4.4,-75.7,-2.5,1.8,3.1,-1.4,2.9,-41.3,11
1.6,12,isocontour,97.17,2.4,-7.0,-22.8,-1.6,-5.0,5.2,2.7,-4.6,-3.6,12
1.6,13,isocontour,95.53,1.2,-10.0,-61.8,0.3,-1.6,1.6,2.7,-4.6,-3.6,12
1.6,14,isocontour,94.29,-4.1,4.6,-92.9,-7.3,5.3,9.0,-1.4,2.9,-41.3,11
1.6,15,isocontour,99.82,8.5,-3.1,-34.3,-1.2,-1.0,1.6,2.7,-4.6,-3.6,12
1.6,16,isocontour,96.75,-2.7,4.5,-73.8,-3.9,1.2,4.1,-1.4,2.9,-41.3,11
1.6,17,isocontour,97.29,1.9,-9.6,-54.1,-3.4,-2.8,4.4,2.7,-4.6,-3.6,12
1.6,18,isocontour,96.54,-3.7,4.7,-88.9,-3.1,5.9,6.7,-1.4,2.9,-41.3,11
1.6,19,isocontour,94.27,-1.7,5.4,-76.7,4.4,5.3,6.9,-1.4,2.9,-41.3,11
1.6,20,isocontour,93.93,-3.3,3.4,-67.4,-0.7,1.7,1.8,-1.4,2.9,-41.3,11
1.6,Target,,,2.68,-2.24,-0.111,-1.09,3.15,,,,,
1.7,1,isocontour,95.76,-3.6,3.2,-67.5,0.6,2.6,2.7,-1.4,2.9,-41.3,11
1.7,2,isocontour,95.41,4.6,-7.0,-25.6,-3.8,-4.1,5.6,2.7,-4.6,-3.6,12
1.7,3,isocontour,93.08,0.9,-9.6,-54.4,-1.1,2.1,2.4,2.7,-4.6,-3.6,12
1.7,4,isocontour,98.07,-4.1,0.1,-48.8,-0.1,5.2,5.2,-1.4,2.9,-41.3,11
1.7,5,isocontour,93.23,1.6,-9.3,-48.3,-2.3,-1.0,2.5,2.7,-4.6,-3.6,12
1.7,6,isocontour,96.77,-3.3,4.0,-73.5,-0.8,1.0,1.3,-1.4,2.9,-41.3,11
1.7,7,isocontour,95.6,1.9,-9.3,-47.2,-3.7,-1.9,4.2,2.7,-4.6,-3.6,12
1.7,8,isocontour,95.84,-2.4,3.8,-62.5,4.1,-0.3,4.1,-1.4,2.9,-41.3,11
1.7,9,isocontour,97.07,2.5,-9.8,-54.5,1.6,4.7,5.0,2.7,-4.6,-3.6,12
1.7,10,isocontour,90.77,-3.3,4.6,-81.2,-3.6,5.8,6.8,-1.4,2.9,-41.3,11
1.7,11,isocontour,94.8,-3.3,5.0,-87.1,-3.4,5.9,6.8,-1.4,2.9,-41.3,11
1.7,12,isocontour,96.72,2.2,-7.5,-26.2,-1.7,-5.2,5.5,2.7,-4.6,-3.6,12
1.7,13,isocontour,93.29,2.1,-10.4,-63.3,8.6,-4.0,9.5,2.7,-4.6,-3.6,12
1.7,14,isocontour,94.27,-4.3,4.7,-95.0,-1.6,0.9,1.8,-1.4,2.9,-41.3,11
1.7,15,isocontour,99.81,8.4,-3.0,-35.9,-1.1,1.1,1.6,2.7,-4.6,-3.6,12
1.7,16,isocontour,96.41,-2.3,4.8,-74.2,3.8,3.3,5.0,-1.4,2.9,-41.3,11
1.7,17,isocontour,96.19,1.6,-10.3,-62.0,-2.6,-7.0,7.5,2.7,-4.6,-3.6,12
1.7,18,isocontour,96.38,-3.4,5.1,-90.1,2.1,3.2,3.8,-1.4,2.9,-41.3,11
1.7,19,isocontour,94.27,-1.8,5.4,-78.1,-1.0,0.1,1.0,-1.4,2.9,-41.3,11
1.7,20,isocontour,93.46,-3.1,3.9,-69.8,2.3,5.1,5.6,-1.4,2.9,-41.3,11
1.7,Target,,,2.4,-2.42,-0.111,-2.82,-1.78,,,,,
1.8,1,isocontour,95.69,-3.6,3.5,-73.7,0.3,2.9,2.9,-1.4,2.9,-41.3,11
1.8,2,isocontour,95.24,4.2,-7.1,-22.8,-3.7,-1.5,4.0,2.7,-4.6,-3.6,12
1.8,3,isocontour,92.97,1.2,-9.7,-49.0,3.5,-0.2,3.5,2.7,-4.6,-3.6,12
1.8,4,isocontour,97.91,-3.9,0.4,-48.9,2.2,3.2,3.9,-1.4,2.9,-41.3,11
1.8,5,isocontour,93.07,1.4,-9.6,-48.2,-2.5,-3.0,3.9,2.7,-4.6,-3.6,12
1.8,6,isocontour,96.25,-3.4,4.5,-86.3,-1.1,5.7,5.8,-1.4,2.9,-41.3,11
1.8,7,isocontour,95.37,2.1,-9.7,-48.1,1.8,-4.0,4.4,2.7,-4.6,-3.6,12
1.8,8,isocontour,95.79,-2.6,4.0,-70.3,-1.7,1.9,2.5,-1.4,2.9,-41.3,11
1.8,9,isocontour,96.75,2.0,-10.0,-52.8,-4.5,-2.1,5.0,2.7,-4.6,-3.6,12
1.8,10,isocontour,90.42,-3.2,5.1,-92.5,0.3,5.1,5.1,-1.4,2.9,-41.3,11
1.8,11,isocontour,93.18,-2.4,5.0,-82.8,8.5,0.2,8.5,-1.4,2.9,-41.3,11
1.8,12,isocontour,96.34,2.0,-8.0,-27.9,-2.1,-4.8,5.2,2.7,-4.6,-3.6,12
1.8,13,isocontour,92.93,1.9,-9.9,-51.0,-1.5,4.9,5.1,2.7,-4.6,-3.6,12
1.8,14,isocontour,93.91,-3.8,4.6,-90.5,4.9,-1.5,5.1,-1.4,2.9,-41.3,11
1.8,15,isocontour,99.8,8.5,-3.0,-38.3,1.6,-0.3,1.6,2.7,-4.6,-3.6,12
1.8,16,isocontour,95.99,-2.8,5.0,-86.6,-4.9,2.2,5.4,-1.4,2.9,-41.3,11
1.8,17,isocontour,95.75,2.1,-10.0,-53.1,5.0,2.2,5.5,2.7,-4.6,-3.6,12
1.8,18,isocontour,96.34,-3.6,4.8,-92.1,-1.1,-2.3,2.5,-1.4,2.9,-41.3,11
1.8,19,isocontour,94.08,-1.5,5.7,-86.8,2.2,3.5,4.1,-1.4,2.9,-41.3,11
1.8,20,isocontour,92.65,-2.5,4.2,-71.9,5.8,3.4,6.7,-1.4,2.9,-41.3,11
1.8,Target,,,2.34,-2.75,-0.111,-0.65,-3.27,,,,,
1.9,1,isocontour,95.23,-3.3,4.0,-82.5,2.4,5.0,5.5,-1.4,2.9,-41.3,11
1.9,2,isocontour,94.93,4.0,-7.6,-22.8,-2.1,-4.4,4.9,2.7,-4.6,-3.6,12
1.9,3,isocontour,92.74,1.2,-10.1,-50.9,-0.6,-4.4,4.4,2.7,-4.6,-3.6,12
1.9,4,isocontour,97.47,-3.7,0.9,-53.3,1.8,5.2,5.5,-1.4,2.9,-41.3,11
1.9,5,isocontour,92.12,2.1,-9.5,-41.2,7.0,1.3,7.1,2.7,-4.6,-3.6,12
1.9,6,isocontour,93.94,-2.6,4.2,-77.0,8.8,-3.6,9.5,-1.4,2.9,-41.3,11
1.9,7,isocontour,95.34,1.9,-9.6,-42.7,-2.1,0.8,2.2,2.7,-4.6,-3.6,12
1.9,8,isocontour,95.49,-3.1,4.1,-81.3,-4.8,0.6,4.8,-1.4,2.9,-41.3,11
1.9,9,isocontour,96.75,1.9,-10.0,-48.8,-1.1,-0.4,1.2,2.7,-4.6,-3.6,12
1.9,10,isocontour,90.37,-3.2,5.3,-101.7,0.8,2.5,2.6,-1.4,2.9,-41.3,11
1.9,11,isocontour,91.18,-1.6,5.3,-86.7,8.4,3.4,9.1,-1.4,2.9,-41.3,11
1.9,12,isocontour,96.28,1.9,-8.3,-27.2,-1.1,-2.5,2.7,2.7,-4.6,-3.6,12
1.9,13,isocontour,92.93,1.9,-9.9,-46.5,-0.6,0.0,0.6,2.7,-4.6,-3.6,12
1.9,14,isocontour,93.82,-3.7,4.3,-90.3,1.0,-3.1,3.3,-1.4,2.9,-41.3,11
1.9,15,isocontour,99.79,8.5,-2.8,-36.9,-0.5,1.5,1.6,2.7,-4.6,-3.6,12
1.9,16,isocontour,95.56,-2.4,4.7,-82.7,4.2,-3.5,5.5,-1.4,2.9,-41.3,11
1.9,17,isocontour,95.18,2.7,-9.8,-45.6,5.6,2.1,6.0,2.7,-4.6,-3.6,12
1.9,18,isocontour,95.63,-3.0,5.1,-94.8,6.0,2.3,6.4,-1.4,2.9,-41.3,11
1.9,19,isocontour,94.07,-1.5,5.6,-90.1,0.0,-1.6,1.6,-1.4,2.9,-41.3,11
1.9,20,isocontour,92.07,-2.4,4.8,-85.6,0.7,6.0,6.0,-1.4,2.9,-41.3,11
1.9,Target,,,2.4,-3.08,-0.111,0.6,-3.28,,,,,
2.0,1,isocontour,94.39,-3.9,3.6,-91.2,-5.9,-3.4,6.8,-3.9,3.6,-82.5,1
2.0,2,isocontour,94.89,3.8,-7.7,-20.8,-1.8,-1.6,2.4,3.8,-7.7,-22.8,2
2.0,3,isocontour,92.64,1.3,-9.8,-43.1,1.0,3.2,3.4,1.3,-9.8,-50.9,3
2.0,4,isocontour,97.41,-3.6,1.1,-58.0,1.6,2.4,2.9,-3.6,1.1,-53.3,4
2.0,5,isocontour,92.02,2.2,-9.8,-41.2,1.8,-2.7,3.2,2.2,-9.8,-41.2,5
2.0,6,isocontour,93.86,-2.4,3.9,-77.5,1.2,-2.9,3.1,-2.4,3.9,-77.0,6
2.0,7,isocontour,95.24,1.6,-9.6,-40.2,-3.3,-0.2,3.3,1.6,-9.6,-42.7,7
2.0,8,isocontour,95.48,-3.0,4.1,-86.9,0.9,0.4,1.0,-3.0,4.1,-81.3,8
2.0,9,isocontour,96.73,2.0,-10.2,-47.0,1.2,-1.4,1.8,2.0,-10.2,-48.8,9
2.0,10,isocontour,90.37,-3.1,5.4,-109.6,0.3,0.8,0.9,-3.1,5.4,-101.7,10
2.0,11,isocontour,91.11,-1.4,5.2,-88.2,2.4,-1.7,2.9,-1.4,5.2,-86.7,11
2.0,12,isocontour,95.92,2.1,-8.8,-29.6,1.3,-5.0,5.2,2.1,-8.8,-27.2,12
2.0,13,isocontour,90.42,0.9,-10.1,-48.2,-9.6,-2.2,9.8,0.9,-10.1,-46.5,13
2.0,14,isocontour,93.37,-3.1,4.2,-90.0,5.5,-0.1,5.5,-3.1,4.2,-90.3,14
2.0,15,isocontour,99.78,8.5,-2.7,-35.2,0.1,1.6,1.6,8.5,-2.7,-36.9,15
2.0,16,isocontour,95.5,-2.2,4.4,-83.7,1.7,-2.2,2.8,-2.2,4.4,-82.7,16
2.0,17,isocontour,95.09,2.4,-10.0,-44.2,-2.7,-1.7,3.2,2.4,-10.0,-45.6,17
2.0,18,isocontour,94.57,-2.7,4.4,-87.6,2.4,-6.9,7.3,-2.7,4.4,-94.8,18
2.0,19,isocontour,93.9,-1.9,5.8,-103.6,-3.2,2.4,4.0,-1.9,5.8,-90.1,19
2.0,20,isocontour,92.0,-2.6,5.1,-97.5,-1.6,2.4,2.9,-2.6,5.1,-85.6,20
2.0,Target,,,2.58,-3.35,-0.111,1.85,-2.77,,,,,
2.1,1,isocontour,94.39,-3.9,3.7,-86.2,0.1,0.8,0.8,-3.6,1.1,-53.3,4
2.1,2,isocontour,94.66,3.4,-7.9,-24.7,-4.0,-1.8,4.4,3.4,-7.9,-20.8,2
2.1,3,isocontour,92.24,1.3,-10.3,-54.0,0.8,-5.2,5.3,3.8,-7.7,-20.8,2
2.1,4,isocontour,97.37,-3.5,1.4,-55.4,0.4,2.4,2.4,-3.5,1.4,-53.3,4
2.1,5,isocontour,91.43,1.7,-9.4,-41.5,-5.2,3.2,6.1,3.8,-7.7,-20.8,2
2.1,6,isocontour,92.63,-1.9,3.3,-59.5,5.3,-5.7,7.8,-3.6,1.1,-53.3,4
2.1,7,isocontour,94.91,2.0,-9.9,-47.0,4.2,-2.7,5.0,3.8,-7.7,-20.8,2
2.1,8,isocontour,95.11,-2.7,3.7,-72.0,2.6,-4.5,5.2,-3.6,1.1,-53.3,4
2.1,9,isocontour,96.47,1.8,-9.8,-46.4,-2.8,3.7,4.6,3.8,-7.7,-20.8,2
2.1,10,isocontour,89.96,-2.8,5.0,-92.2,3.1,-4.4,5.4,-3.6,1.1,-53.3,4
2.1,11,isocontour,90.7,-1.8,4.9,-80.7,-4.4,-3.0,5.3,-3.6,1.1,-53.3,4
2.1,12,isocontour,95.88,2.0,-9.0,-36.0,-0.1,-2.6,2.6,3.8,-7.7,-20.8,2
2.1,13,isocontour,89.89,0.9,-9.5,-44.5,-0.8,5.8,5.9,3.8,-7.7,-20.8,2
2.1,14,isocontour,93.35,-2.9,4.4,-84.3,1.6,1.4,2.1,-3.6,1.1,-53.3,4
2.1,15,isocontour,99.77,8.6,-2.7,-38.3,1.6,-0.1,1.6,8.6,-2.7,-35.2,15
2.1,16,isocontour,95.39,-2.0,4.1,-71.9,1.9,-2.9,3.5,-3.6,1.1,-53.3,4
2.1,17,isocontour,94.71,2.2,-10.5,-55.3,-2.1,-4.8,5.2,3.8,-7.7,-20.8,2
2.1,18,isocontour,94.35,-2.3,4.2,-75.1,4.0,-1.7,4.3,-3.6,1.1,-53.3,4
2.1,19,isocontour,93.77,-1.9,5.4,-90.6,0.0,-3.6,3.6,-2.4,3.9,-77.0,6
2.1,20,isocontour,91.89,-2.7,4.7,-87.4,-1.4,-3.2,3.5,-3.6,1.1,-53.3,4
2.1,Target,,,2.46,-3.04,-0.111,-1.2,3.11,,,,,
2.2,1,isocontour,94.01,-3.5,4.0,-85.2,4.1,3.2,5.2,-3.6,1.1,-53.3,4
2.2,2,isocontour,94.21,3.0,-8.3,-30.4,-4.0,-3.9,5.6,3.0,-8.3,-20.8,2
2.2,3,isocontour,91.67,1.9,-10.0,-52.9,5.3,2.8,6.0,3.8,-7.7,-20.8,2
2.2,4,isocontour,97.2,-3.5,1.8,-59.8,-0.1,4.0,4.0,-3.6,1.1,-53.3,4
2.2,5,isocontour,91.37,1.5,-9.3,-43.7,-2.5,1.4,2.9,3.8,-7.7,-20.8,2
2.2,6,isocontour,92.63,-1.9,3.3,-57.4,0.5,-0.6,0.8,-3.6,1.1,-53.3,4
2.2,7,isocontour,94.44,2.4,-10.3,-56.4,3.6,-4.2,5.5,3.8,-7.7,-20.8,2
2.2,8,isocontour,94.7,-2.6,4.2,-76.7,1.5,5.1,5.3,-3.6,1.1,-53.3,4
2.2,9,isocontour,96.33,1.6,-10.1,-55.0,-2.1,-3.1,3.7,3.8,-7.7,-20.8,2
2.2,10,isocontour,89.96,-2.8,5.1,-91.6,0.4,0.7,0.8,-3.6,1.1,-53.3,4
2.2,11,isocontour,90.49,-1.6,5.3,-83.9,1.7,4.0,4.3,-3.6,1.1,-53.3,4
2.2,12,isocontour,95.51,1.7,-9.4,-45.0,-3.0,-4.2,5.2,3.8,-7.7,-20.8,2
2.2,13,isocontour,89.74,1.1,-9.8,-52.1,2.0,-3.2,3.8,3.8,-7.7,-20.8,2
2.2,14,isocontour,93.28,-2.7,4.3,-79.7,2.9,-0.4,2.9,-3.6,1.1,-53.3,4
2.2,15,isocontour,99.75,8.8,-2.7,-37.3,1.6,-0.1,1.6,8.8,-2.7,-35.2,15
2.2,16,isocontour,95.31,-1.9,4.4,-73.2,1.4,2.8,3.1,-3.6,1.1,-53.3,4
2.2,17,isocontour,94.22,2.1,-9.9,-51.0,-1.1,5.6,5.7,3.8,-7.7,-20.8,2
2.2,18,isocontour,93.64,-2.5,4.8,-85.0,-2.1,6.1,6.5,-3.6,1.1,-53.3,4
2.2,19,isocontour,93.31,-2.0,4.9,-81.7,-1.7,-5.3,5.6,-3.6,1.1,-53.3,4
2.2,20,isocontour,90.22,-1.9,4.4,-73.1,7.8,-3.6,8.6,-3.6,1.1,-53.3,4
2.2,Target,,,2.69,-2.8,-0.111,2.32,2.39,,,,,
2.3,1,isocontour,93.58,-3.0,4.3,-84.3,4.8,2.6,5.5,-3.6,1.1,-53.3,4
2.3,2,isocontour,93.91,2.6,-8.6,-35.4,-4.0,-2.7,4.8,2.6,-8.6,-20.8,2
2.3,3,isocontour,89.85,2.7,-10.3,-59.1,8.3,-3.0,8.8,3.8,-7.7,-20.8,2
2.3,4,isocontour,97.15,-3.5,2.0,-63.6,0.5,2.4,2.5,-3.6,1.1,-53.3,4
2.3,5,isocontour,91.34,1.4,-9.5,-49.7,-0.6,-2.1,2.2,3.8,-7.7,-20.8,2
2.3,6,isocontour,92.53,-2.1,3.5,-63.3,-2.7,2.0,3.4,-3.6,1.1,-53.3,4
2.3,7,isocontour,94.16,2.2,-9.9,-52.7,-1.6,4.5,4.8,3.8,-7.7,-20.8,2
2.3,8,isocontour,94.34,-2.1,4.4,-76.2,4.5,2.5,5.1,-3.6,1.1,-53.3,4
2.3,9,isocontour,96.29,1.7,-10.0,-55.1,1.9,1.7,2.5,3.8,-7.7,-20.8,2
2.3,10,isocontour,89.88,-3.1,5.1,-96.5,-3.1,0.3,3.1,-3.6,1.1,-53.3,4
2.3,11,isocontour,90.47,-1.7,5.5,-87.7,-0.8,1.9,2.1,-3.6,1.1,-53.3,4
2.3,12,isocontour,94.9,2.1,-9.9,-53.5,4.0,-4.7,6.2,3.8,-7.7,-20.8,2
2.3,13,isocontour,89.38,1.5,-10.1,-58.0,4.3,-2.8,5.1,3.8,-7.7,-20.8,2
2.3,14,isocontour,91.96,-3.3,4.8,-95.1,-6.4,4.7,7.9,-3.6,1.1,-53.3,4
2.3,15,isocontour,99.74,8.6,-2.8,-32.1,-1.5,-0.6,1.6,8.6,-2.8,-35.2,15
2.3,16,isocontour,94.95,-2.1,4.9,-82.5,-1.9,4.8,5.2,-3.6,1.1,-53.3,4
2.3,17,isocontour,94.21,2.0,-9.8,-52.0,-0.8,1.3,1.5,3.8,-7.7,-20.8,2
2.3,18,isocontour,93.52,-2.4,4.5,-79.3,1.6,-3.2,3.6,-3.6,1.1,-53.3,4
2.3,19,isocontour,93.18,-2.0,5.3,-87.2,0.5,3.6,3.6,-3.6,1.1,-53.3,4
2.3,20,isocontour,89.35,-2.6,4.2,-77.9,-6.6,-1.9,6.9,-3.6,1.1,-53.3,4
2.3,Target,,,2.98,-2.64,-0.111,2.92,1.61,,,,,
2.4,1,isocontour,93.13,-2.5,4.5,-84.0,5.3,1.6,5.5,-3.6,1.1,-53.3,4
2.4,2,isocontour,93.8,2.6,-8.9,-40.2,-0.1,-3.3,3.3,2.6,-8.9,-20.8,2
2.4,3,isocontour,89.63,2.9,-9.9,-53.5,1.6,4.1,4.4,3.8,-7.7,-20.8,2
2.4,4,isocontour,97.07,-3.5,2.3,-70.9,0.1,3.2,3.2,-3.6,1.1,-53.3,4
2.4,5,isocontour,91.27,1.7,-9.6,-51.4,2.8,-0.9,2.9,3.8,-7.7,-20.8,2
2.4,6,isocontour,92.48,-2.1,3.7,-69.9,-0.1,2.6,2.6,-3.6,1.1,-53.3,4
2.4,7,isocontour,93.98,2.3,-10.3,-59.4,0.6,-4.0,4.0,3.8,-7.7,-20.8,2
2.4,8,isocontour,94.34,-2.1,4.4,-78.1,0.4,-0.7,0.8,-3.6,1.1,-53.3,4
2.4,9,isocontour,96.1,1.8,-10.4,-62.4,0.4,-4.1,4.1,3.8,-7.7,-20.8,2
2.4,10,isocontour,89.18,-2.4,5.0,-91.6,6.4,-0.6,6.4,-3.6,1.1,-53.3,4
2.4,11,isocontour,90.41,-1.4,5.5,-87.9,2.7,-0.0,2.7,-3.6,1.1,-53.3,4
2.4,12,isocontour,93.59,2.0,-10.7,-66.8,-1.7,-7.7,7.9,3.8,-7.7,-20.8,2
2.4,13,isocontour,89.38,1.6,-10.1,-59.1,0.6,0.1,0.6,3.8,-7.7,-20.8,2
2.4,14,isocontour,91.95,-3.4,4.7,-97.5,-0.6,-1.6,1.7,-3.6,1.1,-53.3,4
2.4,15,isocontour,99.73,8.7,-2.9,-29.1,0.6,-1.5,1.6,8.7,-2.9,-32.1,15
2.4,16,isocontour,94.49,-1.7,5.3,-87.2,4.1,3.8,5.6,-3.6,1.1,-53.3,4
2.4,17,isocontour,94.2,2.0,-9.6,-50.9,-0.2,1.6,1.6,3.8,-7.7,-20.8,2
2.4,18,isocontour,93.23,-2.2,4.9,-88.0,1.3,4.6,4.8,-3.6,1.1,-53.3,4
2.4,19,isocontour,93.16,-1.9,5.4,-91.9,1.0,1.7,2.0,-3.6,1.1,-53.3,4
2.4,20,isocontour,86.88,-3.1,3.3,-76.1,-4.6,-8.6,9.8,-3.6,1.1,-53.3,4
2.4,Target,,,3.32,-2.62,-0.111,3.33,0.22,,,,,
2.5,1,isocontour,92.84,-2.4,4.0,-82.0,1.5,-4.5,4.7,-3.6,1.1,-53.3,4
2.5,2,isocontour,93.61,2.3,-9.2,-41.7,-3.0,-2.9,4.2,2.3,-9.2,-20.8,2
2.5,3,isocontour,89.57,2.7,-10.1,-53.2,-1.9,-1.9,2.7,3.8,-7.7,-20.8,2
2.5,4,isocontour,97.02,-3.4,2.6,-78.0,0.7,2.4,2.5,-3.6,1.1,-53.3,4
2.5,5,isocontour,90.89,1.5,-10.1,-56.3,-1.6,-5.0,5.2,3.8,-7.7,-20.8,2
2.5,6,isocontour,92.38,-2.1,4.0,-79.7,0.3,3.4,3.4,-3.6,1.1,-53.3,4
2.5,7,isocontour,93.85,1.9,-10.2,-56.7,-3.6,0.3,3.6,3.8,-7.7,-20.8,2
2.5,8,isocontour,93.87,-1.5,4.3,-76.4,5.5,-1.2,5.6,-3.6,1.1,-53.3,4
2.5,9,isocontour,96.0,2.1,-10.2,-56.2,3.0,1.5,3.4,3.8,-7.7,-20.8,2
2.5,10,isocontour,89.0,-2.9,5.0,-102.2,-4.1,-0.6,4.1,-3.6,1.1,-53.3,4
2.5,11,isocontour,90.41,-1.4,5.5,-94.0,0.3,0.1,0.3,-3.6,1.1,-53.3,4
2.5,12,isocontour,93.11,2.5,-10.6,-61.3,5.7,0.4,5.7,3.8,-7.7,-20.8,2
2.5,13,isocontour,89.38,1.7,-10.1,-55.8,1.0,0.0,1.0,3.8,-7.7,-20.8,2
2.5,14,isocontour,91.9,-3.1,4.5,-99.1,2.3,-1.4,2.7,-3.6,1.1,-53.3,4
2.5,15,isocontour,99.72,8.8,-2.8,-28.0,1.3,1.0,1.6,8.8,-2.8,-29.1,15
2.5,16,isocontour,94.44,-1.5,5.1,-88.5,1.4,-2.2,2.6,-3.6,1.1,-53.3,4
2.5,17,isocontour,92.96,2.5,-10.2,-55.5,4.8,-6.1,7.8,3.8,-7.7,-20.8,2
2.5,18,isocontour,93.21,-2.1,4.8,-91.2,1.0,-1.3,1.6,-3.6,1.1,-53.3,4
2.5,19,isocontour,92.77,-2.3,5.2,-99.4,-4.6,-2.5,5.2,-3.6,1.1,-53.3,4
2.5,20,isocontour,86.87,-2.9,3.2,-79.0,1.3,-1.0,1.6,-3.6,1.1,-53.3,4
2.5,Target,,,3.54,-2.87,-0.111,2.21,-2.5,,,,,
2.6,1,isocontour,91.65,-3.0,3.6,-82.1,-6.4,-4.2,7.7,-3.6,1.1,-53.3,4
2.6,2,isocontour,93.56,2.3,-9.5,-49.5,0.3,-2.7,2.7,2.3,-9.5,-20.8,2
2.6,3,isocontour,89.51,2.4,-10.0,-56.3,-2.4,1.5,2.8,3.8,-7.7,-20.8,2
2.6,4,isocontour,96.95,-3.5,2.3,-74.4,-0.5,-2.9,2.9,-3.6,1.1,-53.3,4
2.6,5,isocontour,90.79,1.7,-9.8,-56.5,1.8,2.8,3.3,3.8,-7.7,-20.8,2
2.6,6,isocontour,91.6,-1.6,3.7,-66.2,5.4,-3.8,6.6,-3.6,1.1,-53.3,4
2.6,7,isocontour,93.75,1.9,-10.6,-67.1,-0.5,-3.3,3.3,3.8,-7.7,-20.8,2
2.6,8,isocontour,93.86,-1.5,4.1,-70.8,0.5,-1.6,1.7,-3.6,1.1,-53.3,4
2.6,9,isocontour,95.97,2.3,-10.2,-59.5,2.2,0.7,2.3,3.8,-7.7,-20.8,2
2.6,10,isocontour,88.59,-2.5,4.5,-88.8,3.1,-4.4,5.4,-3.6,1.1,-53.3,4
2.6,11,isocontour,90.41,-1.4,5.5,-90.9,0.6,0.8,1.0,-3.6,1.1,-53.3,4
2.6,12,isocontour,92.65,2.4,-10.1,-58.3,-1.2,5.4,5.5,3.8,-7.7,-20.8,2
2.6,13,isocontour,89.23,1.9,-9.8,-55.5,2.4,3.0,3.8,3.8,-7.7,-20.8,2
2.6,14,isocontour,91.68,-2.9,4.1,-88.4,2.0,-3.9,4.4,-3.6,1.1,-53.3,4
2.6,15,isocontour,99.71,8.7,-2.8,-25.1,-1.6,-0.3,1.6,8.7,-2.8,-28.0,15
2.6,16,isocontour,93.98,-1.8,4.6,-80.7,-2.7,-4.9,5.6,-3.6,1.1,-53.3,4
2.6,17,isocontour,92.64,2.2,-9.8,-54.6,-2.3,4.3,4.9,3.8,-7.7,-20.8,2
2.6,18,isocontour,92.75,-2.2,4.3,-81.2,-0.9,-5.5,5.6,-3.6,1.1,-53.3,4
2.6,19,isocontour,92.42,-2.5,4.7,-90.3,-1.3,-4.9,5.1,-3.6,1.1,-53.3,4
2.6,20,isocontour,86.42,-3.2,2.8,-76.0,-3.1,-4.6,5.5,-3.6,1.1,-53.3,4
2.6,Target,,,3.67,-2.56,-0.111,1.29,3.07,,,,,
2.7,1,isocontour,89.03,-3.8,3.0,-93.1,-8.3,-5.5,10.0,-3.6,1.1,-53.3,4
2.7,2,isocontour,93.55,2.4,-9.6,-47.2,0.8,-1.1,1.4,2.4,-9.6,-20.8,2
2.7,3,isocontour,89.5,2.6,-9.9,-51.2,1.7,0.5,1.8,3.8,-7.7,-20.8,2
2.7,4,isocontour,96.94,-3.3,2.2,-77.0,1.4,-0.4,1.5,-3.6,1.1,-53.3,4
2.7,5,isocontour,90.37,1.4,-10.2,-60.5,-3.3,-4.3,5.4,3.8,-7.7,-20.8,2
2.7,6,isocontour,91.59,-1.7,3.6,-72.5,-1.3,-0.4,1.4,-3.6,1.1,-53.3,4
2.7,7,isocontour,93.56,1.7,-10.2,-57.8,-1.5,3.8,4.1,3.8,-7.7,-20.8,2
2.7,8,isocontour,93.5,-2.0,4.0,-80.9,-5.1,-0.8,5.2,-3.6,1.1,-53.3,4
2.7,9,isocontour,95.28,1.7,-10.4,-61.8,-5.7,-2.9,6.4,3.8,-7.7,-20.8,2
2.7,10,isocontour,87.13,-2.6,3.7,-84.3,-0.5,-8.2,8.2,-3.6,1.1,-53.3,4
2.7,11,isocontour,90.12,-1.5,5.1,-91.0,-1.2,-4.6,4.8,-3.6,1.1,-53.3,4
2.7,12,isocontour,92.64,2.5,-10.0,-52.8,1.3,0.7,1.5,3.8,-7.7,-20.8,2
2.7,13,isocontour,88.37,2.0,-10.5,-61.5,0.7,-6.8,6.8,3.8,-7.7,-20.8,2
2.7,14,isocontour,91.35,-2.5,4.0,-86.0,4.7,-1.7,5.0,-3.6,1.1,-53.3,4
2.7,15,isocontour,99.7,8.8,-2.8,-25.2,1.6,-0.0,1.6,8.8,-2.8,-25.1,15
2.7,16,isocontour,93.92,-1.5,4.7,-85.7,2.5,1.2,2.8,-3.6,1.1,-53.3,4
2.7,17,isocontour,92.5,1.9,-9.6,-49.2,-3.1,2.0,3.7,3.8,-7.7,-20.8,2
2.7,18,isocontour,91.86,-1.5,4.3,-79.3,6.9,0.0,6.9,-3.6,1.1,-53.3,4
2.7,19,isocontour,92.33,-2.1,4.7,-92.0,3.3,-0.3,3.3,-3.6,1.1,-53.3,4
2.7,20,isocontour,86.41,-3.4,2.8,-84.1,-1.5,0.5,1.6,-3.6,1.1,-53.3,4
2.7,Target,,,3.81,-2.86,-0.111,1.49,-2.98,,,,,
2.8,1,isocontour,89.01,-3.9,3.2,-97.0,-0.5,1.9,2.0,-3.6,1.1,-53.3,4
2.8,2,isocontour,92.86,1.8,-9.4,-42.9,-6.2,1.6,6.4,1.8,-9.4,-20.8,2
2.8,3,isocontour,89.48,2.7,-10.0,-47.6,1.5,-0.8,1.7,3.8,-7.7,-20.8,2
2.8,4,isocontour,96.76,-3.4,1.8,-74.2,-0.6,-4.1,4.1,-3.6,1.1,-53.3,4
2.8,5,isocontour,90.26,1.5,-9.9,-50.5,1.6,3.2,3.6,3.8,-7.7,-20.8,2
2.8,6,isocontour,91.13,-2.1,4.0,-84.1,-4.5,3.4,5.6,-3.6,1.1,-53.3,4
2.8,7,isocontour,93.55,1.8,-10.0,-50.5,0.9,1.6,1.8,3.8,-7.7,-20.8,2
2.8,8,isocontour,93.46,-1.8,4.2,-82.9,2.0,1.6,2.6,-3.6,1.1,-53.3,4
2.8,9,isocontour,94.78,1.2,-10.3,-57.4,-5.6,1.4,5.8,3.8,-7.7,-20.8,2
2.8,10,isocontour,86.65,-2.2,3.3,-75.8,4.0,-4.0,5.7,-3.6,1.1,-53.3,4
2.8,11,isocontour,90.03,-1.8,5.2,-98.5,-3.1,0.9,3.2,-3.6,1.1,-53.3,4
2.8,12,isocontour,91.58,1.8,-9.9,-49.3,-7.3,0.9,7.4,3.8,-7.7,-20.8,2
2.8,13,isocontour,88.28,2.1,-10.2,-52.1,1.5,2.8,3.2,3.8,-7.7,-20.8,2
2.8,14,isocontour,90.42,-1.8,4.1,-82.6,6.8,1.8,7.0,-3.6,1.1,-53.3,4
2.8,15,isocontour,99.69,8.9,-2.7,-28.1,0.9,1.3,1.6,8.9,-2.7,-25.1,15
2.8,16,isocontour,93.92,-1.6,4.8,-89.6,-0.2,0.7,0.7,-3.6,1.1,-53.3,4
2.8,17,isocontour,92.12,2.0,-10.1,-51.2,1.2,-5.1,5.2,3.8,-7.7,-20.8,2
2.8,18,isocontour,89.27,-0.6,4.6,-78.5,9.2,3.6,9.9,-3.6,1.1,-53.3,4
2.8,19,isocontour,91.87,-2.0,4.1,-84.8,1.3,-5.4,5.6,-3.6,1.1,-53.3,4
2.8,20,isocontour,86.37,-3.2,3.0,-84.8,1.7,1.8,2.5,-3.6,1.1,-53.3,4
2.8,Target,,,3.64,-3.15,-0.111,-1.72,-2.86,,,,,
2.9,1,isocontour,88.97,-3.6,3.3,-100.4,2.3,0.6,2.4,-3.6,1.1,-53.3,4
2.9,2,isocontour,92.4,1.9,-10.0,-49.6,0.8,-5.5,5.6,1.9,-10.0,-20.8,2
2.9,3,isocontour,89.2,2.3,-9.9,-46.6,-4.6,1.1,4.7,3.8,-7.7,-20.8,2
2.9,4,isocontour,96.74,-3.2,1.8,-77.2,1.8,-0.0,1.8,-3.6,1.1,-53.3,4
2.9,5,isocontour,90.15,1.2,-10.1,-54.3,-3.0,-1.7,3.4,3.8,-7.7,-20.8,2
2.9,6,isocontour,91.06,-2.3,3.7,-87.3,-1.3,-2.6,2.9,-3.6,1.1,-53.3,4
2.9,7,isocontour,93.06,1.3,-10.2,-54.9,-5.5,-1.5,5.7,3.8,-7.7,-20.8,2
2.9,8,isocontour,91.61,-1.0,4.5,-85.0,8.1,3.7,8.9,-3.6,1.1,-53.3,4
2.9,9,isocontour,94.62,1.3,-9.9,-51.7,1.4,3.6,3.9,3.8,-7.7,-20.8,2
2.9,10,isocontour,86.6,-2.0,3.5,-81.1,1.9,1.8,2.6,-3.6,1.1,-53.3,4
2.9,11,isocontour,89.79,-1.6,4.7,-95.2,1.4,-4.3,4.5,-3.6,1.1,-53.3,4
2.9,12,isocontour,91.57,1.7,-9.9,-50.0,-1.6,-0.2,1.6,3.8,-7.7,-20.8,2
2.9,13,isocontour,88.28,2.0,-10.2,-51.5,-1.1,0.4,1.2,3.8,-7.7,-20.8,2
2.9,14,isocontour,88.33,-0.9,4.4,-82.1,8.9,2.5,9.2,-3.6,1.1,-53.3,4
2.9,15,isocontour,99.68,8.8,-2.7,-23.4,-1.6,-0.4,1.6,8.8,-2.7,-25.1,15
2.9,16,isocontour,93.58,-1.8,4.3,-90.9,-2.6,-4.3,5.0,-3.6,1.1,-53.3,4
2.9,17,isocontour,92.1,1.9,-10.1,-50.6,-1.6,0.7,1.7,3.8,-7.7,-20.8,2
2.9,18,isocontour,86.71,0.3,5.1,-82.7,8.9,4.4,9.9,-3.6,1.1,-53.3,4
2.9,19,isocontour,91.86,-2.2,4.1,-91.4,-1.7,-0.5,1.8,-3.6,1.1,-53.3,4
2.9,20,isocontour,86.3,-3.0,3.2,-91.1,1.8,2.3,2.9,-3.6,1.1,-53.3,4
2.9,Target,,,3.96,-3.26,-0.111,3.15,-1.09,,,,,
3.0,1,isocontour,88.5,-3.1,3.4,-99.8,5.4,1.4,5.6,-3.1,3.4,-100.4,1
3.0,2,isocontour,92.28,1.6,-9.7,-43.1,-2.2,2.8,3.6,1.6,-9.7,-49.6,2
3.0,3,isocontour,89.2,2.2,-9.9,-42.9,-1.3,0.2,1.3,2.2,-9.9,-46.6,3
3.0,4,isocontour,96.7,-3.4,1.7,-82.3,-1.8,-1.8,2.5,-3.4,1.7,-77.2,4
3.0,5,isocontour,90.14,1.1,-10.0,-49.7,-1.4,1.1,1.8,1.1,-10.0,-54.3,5
3.0,6,isocontour,90.81,-2.2,4.2,-98.8,0.7,4.5,4.6,-2.2,4.2,-87.3,6
3.0,7,isocontour,92.51,1.9,-10.1,-47.4,5.9,0.5,5.9,1.9,-10.1,-54.9,7
3.0,8,isocontour,91.59,-1.0,4.3,-87.7,0.2,-1.9,1.9,-1.0,4.3,-85.0,8
3.0,9,isocontour,94.48,1.0,-9.9,-49.1,-3.7,0.7,3.8,1.0,-9.9,-51.7,9
3.0,10,isocontour,85.09,-1.6,2.8,-71.9,4.4,-7.0,8.3,-1.6,2.8,-81.1,10
3.0,11,isocontour,89.33,-1.7,4.2,-92.8,-0.3,-5.5,5.5,-1.7,4.2,-95.2,11
3.0,12,isocontour,90.35,0.9,-10.0,-50.9,-7.7,-0.4,7.7,0.9,-10.0,-50.0,12
3.0,13,isocontour,88.27,2.1,-10.2,-47.6,0.6,-0.4,0.7,2.1,-10.2,-51.5,13
3.0,14,isocontour,87.46,-0.2,4.6,-84.3,6.7,1.6,6.9,-0.2,4.6,-82.1,14
3.0,15,isocontour,99.66,8.9,-2.6,-24.5,1.2,1.1,1.6,8.9,-2.6,-23.4,15
3.0,16,isocontour,93.55,-1.7,4.1,-92.2,0.9,-2.2,2.4,-1.7,4.1,-90.9,16
3.0,17,isocontour,90.36,1.0,-9.8,-48.0,-8.4,2.3,8.7,1.0,-9.8,-50.6,17
3.0,18,isocontour,84.95,1.1,5.3,-87.4,8.4,2.4,8.7,1.1,5.3,-82.7,18
3.0,19,isocontour,91.17,-1.7,4.5,-97.1,5.1,3.8,6.4,-1.7,4.5,-91.4,19
3.0,20,isocontour,85.83,-2.5,3.4,-91.6,5.3,1.7,5.6,-2.5,3.4,-91.1,20
3.0,Target,,,4.03,-3.58,-0.111,0.7,-3.26,,,,,
3.1,1,isocontour,88.17,-2.6,3.3,-96.1,4.8,-1.3,5.0,-1.6,2.8,-71.9,10
3.1,2,isocontour,92.12,1.5,-10.1,-50.0,-1.5,-3.6,3.9,2.2,-9.9,-42.9,3
3.1,3,isocontour,88.77,1.8,-9.4,-40.2,-3.1,4.4,5.4,1.8,-9.4,-42.9,3
3.1,4,isocontour,94.62,-3.8,0.8,-85.4,-3.9,-8.4,9.3,-1.6,2.8,-71.9,10
3.1,5,isocontour,90.11,1.0,-10.1,-54.4,-1.5,-1.4,2.1,2.2,-9.9,-42.9,3
3.1,6,isocontour,90.73,-1.9,4.0,-97.2,2.7,-1.7,3.2,-1.6,2.8,-71.9,10
3.1,7,isocontour,91.87,1.3,-9.8,-47.2,-5.1,3.5,6.2,2.2,-9.9,-42.9,3
3.1,8,isocontour,91.31,-1.1,3.9,-85.2,-0.9,-4.6,4.7,-1.6,2.8,-71.9,10
3.1,9,isocontour,94.47,0.8,-9.8,-51.7,-1.5,0.5,1.6,2.2,-9.9,-42.9,3
3.1,10,isocontour,85.07,-1.7,2.7,-76.0,-1.4,-1.2,1.8,-1.7,2.7,-71.9,10
3.1,11,isocontour,88.06,-1.1,3.6,-82.2,5.5,-5.6,7.8,-1.6,2.8,-71.9,10
3.1,12,isocontour,89.77,0.4,-10.3,-60.9,-5.1,-3.1,6.0,2.2,-9.9,-42.9,3
3.1,13,isocontour,88.25,2.3,-10.1,-47.0,1.8,0.9,2.0,2.2,-9.9,-42.9,3
3.1,14,isocontour,87.41,-0.2,4.3,-83.0,0.3,-2.6,2.6,-1.6,2.8,-71.9,10
3.1,15,isocontour,99.65,9.0,-2.7,-22.6,1.5,-0.6,1.6,9.0,-2.7,-23.4,15
3.1,16,isocontour,91.15,-1.7,3.1,-81.9,0.4,-9.7,9.7,-1.6,2.8,-71.9,10
3.1,17,isocontour,90.34,1.1,-9.6,-47.4,0.3,2.0,2.0,2.2,-9.9,-42.9,3
3.1,18,isocontour,84.94,1.0,5.3,-89.6,-0.8,-0.3,0.9,-1.6,2.8,-71.9,10
3.1,19,isocontour,91.15,-1.5,4.6,-101.1,1.8,1.2,2.2,-1.6,2.8,-71.9,10
3.1,20,isocontour,85.69,-2.2,3.2,-89.0,3.1,-2.1,3.7,-1.6,2.8,-71.9,10
3.1,Target,,,4.36,-3.59,-0.111,3.33,-0.09,,,,,
3.2,1,isocontour,88.09,-2.3,3.4,-93.7,2.8,1.2,3.0,-1.6,2.8,-71.9,10
3.2,2,isocontour,92.09,1.7,-9.9,-51.3,1.7,1.7,2.4,1.8,-9.4,-40.2,3
3.2,3,isocontour,88.73,1.6,-9.6,-47.2,-2.0,-1.4,2.4,1.6,-9.6,-40.2,3
3.2,4,isocontour,94.6,-3.6,0.7,-83.4,1.6,-1.3,2.1,-1.6,2.8,-71.9,10
3.2,5,isocontour,90.1,0.9,-10.3,-61.7,-0.3,-1.6,1.6,1.8,-9.4,-40.2,3
3.2,6,isocontour,90.68,-1.8,3.8,-91.8,1.3,-2.1,2.5,-1.6,2.8,-71.9,10
3.2,7,isocontour,91.84,1.4,-9.6,-48.5,0.9,2.1,2.3,1.8,-9.4,-40.2,3
3.2,8,isocontour,91.28,-1.2,4.1,-88.6,-1.6,1.8,2.4,-1.6,2.8,-71.9,10
3.2,9,isocontour,94.14,0.4,-10.1,-63.2,-4.3,-2.5,5.0,1.8,-9.4,-40.2,3
3.2,10,isocontour,84.61,-1.5,3.2,-79.2,2.4,5.0,5.5,-1.6,2.8,-71.9,10
3.2,11,isocontour,87.93,-0.9,3.3,-74.9,1.9,-3.1,3.6,-1.6,2.8,-71.9,10
3.2,12,isocontour,89.68,0.3,-10.0,-62.6,-1.0,3.1,3.3,1.8,-9.4,-40.2,3
3.2,13,isocontour,87.96,2.0,-9.7,-47.1,-2.5,4.1,4.8,1.8,-9.4,-40.2,3
3.2,14,isocontour,87.26,0.2,4.3,-77.9,3.8,0.1,3.8,-1.6,2.8,-71.9,10
3.2,15,isocontour,99.64,9.1,-2.8,-20.9,1.0,-1.2,1.6,9.1,-2.8,-22.6,15
3.2,16,isocontour,91.08,-1.7,2.8,-77.8,-0.1,-3.1,3.1,-1.6,2.8,-71.9,10
3.2,17,isocontour,90.25,0.8,-9.4,-51.3,-2.5,2.0,3.2,1.8,-9.4,-40.2,3
3.2,18,isocontour,84.91,0.9,5.1,-85.3,-1.7,-1.7,2.4,-1.6,2.8,-71.9,10
3.2,19,isocontour,91.07,-1.4,4.3,-94.2,1.3,-2.7,3.0,-1.6,2.8,-71.9,10
3.2,20,isocontour,85.26,-1.6,3.1,-81.0,5.4,-0.6,5.4,-1.6,2.8,-71.9,10
3.2,Target,,,4.59,-3.35,-0.111,2.29,2.43,,,,,
3.3,1,isocontour,87.64,-1.8,3.2,-90.2,5.2,-1.7,5.5,-1.6,2.8,-71.9,10
3.3,2,isocontour,90.73,1.2,-10.6,-59.9,-4.1,-6.8,7.9,1.8,-9.4,-40.2,3
3.3,3,isocontour,88.64,1.4,-9.4,-44.3,-2.8,1.5,3.2,1.8,-9.4,-40.2,3
3.3,4,isocontour,94.55,-3.5,0.9,-88.2,1.2,2.3,2.6,-1.6,2.8,-71.9,10
3.3,5,isocontour,88.44,0.5,-9.5,-52.4,-4.1,7.5,8.5,1.8,-9.4,-40.2,3
3.3,6,isocontour,90.65,-1.7,3.6,-93.2,1.6,-1.8,2.4,-1.6,2.8,-71.9,10
3.3,7,isocontour,90.94,0.8,-9.8,-53.1,-6.6,-2.2,7.0,1.8,-9.4,-40.2,3
3.3,8,isocontour,89.13,-0.9,3.2,-78.6,2.8,-8.9,9.3,-1.6,2.8,-71.9,10
3.3,9,isocontour,93.92,0.7,-9.8,-54.0,3.3,2.8,4.3,1.8,-9.4,-40.2,3
3.3,10,isocontour,84.38,-1.1,2.9,-76.9,3.2,-3.0,4.4,-1.6,2.8,-71.9,10
3.3,11,isocontour,87.93,-1.0,3.2,-79.7,-0.3,-0.9,0.9,-1.6,2.8,-71.9,10
3.3,12,isocontour,89.66,0.1,-9.8,-59.2,-1.3,1.5,2.0,1.8,-9.4,-40.2,3
3.3,13,isocontour,87.96,2.0,-9.7,-44.1,-0.1,0.0,0.1,1.8,-9.4,-40.2,3
3.3,14,isocontour,86.28,0.9,4.5,-80.8,6.9,1.7,7.1,-1.6,2.8,-71.9,10
3.3,15,isocontour,99.63,9.2,-2.7,-21.3,1.1,1.2,1.6,9.2,-2.7,-20.9,15
3.3,16,isocontour,90.24,-2.0,2.2,-79.8,-3.0,-6.1,6.8,-1.6,2.8,-71.9,10
3.3,17,isocontour,89.84,0.8,-10.0,-55.0,0.2,-5.4,5.4,1.8,-9.4,-40.2,3
3.3,18,isocontour,84.86,0.7,4.9,-89.3,-1.6,-2.0,2.6,-1.6,2.8,-71.9,10
3.3,19,isocontour,91.05,-1.6,4.4,-104.0,-1.9,0.8,2.1,-1.6,2.8,-71.9,10
3.3,20,isocontour,84.16,-2.4,3.2,-97.6,-7.4,0.6,7.4,-1.6,2.8,-71.9,10
3.3,Target,,,4.72,-3.65,-0.111,1.32,-3.06,,,,,
3.4,1,isocontour,86.18,-1.5,2.5,-81.7,3.1,-7.6,8.2,-1.6,2.8,-71.9,10
3.4,2,isocontour,90.62,1.4,-10.2,-51.5,1.1,3.2,3.4,1.8,-9.4,-40.2,3
3.4,3,isocontour,88.56,1.1,-9.5,-44.7,-3.0,-0.9,3.1,1.8,-9.4,-40.2,3
3.4,4,isocontour,94.09,-3.0,1.3,-89.5,4.4,3.5,5.6,-1.6,2.8,-71.9,10
3.4,5,isocontour,88.38,0.2,-9.5,-52.0,-2.9,0.2,2.9,1.8,-9.4,-40.2,3
3.4,6,isocontour,90.49,-1.3,3.4,-91.9,3.1,-2.4,3.9,-1.6,2.8,-71.9,10
3.4,7,isocontour,90.7,1.0,-10.2,-52.9,2.4,-3.8,4.5,1.8,-9.4,-40.2,3
3.4,8,isocontour,86.78,0.0,3.2,-74.7,9.6,0.4,9.6,-1.6,2.8,-71.9,10
3.4,9,isocontour,92.89,0.1,-10.2,-61.5,-5.9,-4.3,7.3,1.8,-9.4,-40.2,3
3.4,10,isocontour,83.91,-1.5,2.4,-81.1,-3.5,-4.3,5.5,-1.6,2.8,-71.9,10
3.4,11,isocontour,87.59,-0.6,3.6,-87.2,3.3,3.8,5.0,-1.6,2.8,-71.9,10
3.4,12,isocontour,89.61,0.4,-9.9,-55.3,2.5,-1.0,2.7,1.8,-9.4,-40.2,3
3.4,13,isocontour,87.91,1.8,-9.8,-43.3,-2.4,-0.8,2.5,1.8,-9.4,-40.2,3
3.4,14,isocontour,84.15,1.8,4.7,-84.4,9.0,2.2,9.3,-1.6,2.8,-71.9,10
3.4,15,isocontour,99.62,9.4,-2.7,-22.5,1.6,0.2,1.6,9.4,-2.7,-20.9,15
3.4,16,isocontour,89.39,-2.4,1.6,-83.3,-3.6,-5.8,6.8,-1.6,2.8,-71.9,10
3.4,17,isocontour,88.69,0.9,-10.7,-60.7,1.1,-7.5,7.6,1.8,-9.4,-40.2,3
3.4,18,isocontour,84.82,0.5,4.7,-93.9,-1.6,-1.8,2.4,-1.6,2.8,-71.9,10
3.4,19,isocontour,90.59,-1.5,3.8,-100.7,0.7,-5.5,5.5,-1.6,2.8,-71.9,10
3.4,20,isocontour,84.13,-2.3,3.0,-99.5,0.6,-2.3,2.4,-1.6,2.8,-71.9,10
3.4,Target,,,4.83,-3.97,-0.111,1.1,-3.15,,,,,
3.5,1,isocontour,86.0,-1.8,2.7,-83.1,-3.1,2.6,4.0,-1.6,2.8,-71.9,10
3.5,2,isocontour,90.53,1.4,-9.9,-47.7,0.9,3.1,3.2,1.8,-9.4,-40.2,3
3.5,3,isocontour,88.1,0.7,-9.9,-52.8,-3.2,-4.6,5.6,1.8,-9.4,-40.2,3
3.5,4,isocontour,93.64,-2.6,1.5,-79.2,4.7,2.8,5.5,-1.6,2.8,-71.9,10
3.5,5,isocontour,88.12,0.6,-9.9,-53.1,3.2,-3.3,4.6,1.8,-9.4,-40.2,3
3.5,6,isocontour,90.45,-1.3,3.1,-81.5,0.9,-2.3,2.5,-1.6,2.8,-71.9,10
3.5,7,isocontour,88.94,0.2,-9.8,-55.7,-8.1,3.3,8.7,1.8,-9.4,-40.2,3
3.5,8,isocontour,86.73,0.2,3.1,-65.5,2.2,-1.4,2.6,-1.6,2.8,-71.9,10
3.5,9,isocontour,92.78,0.0,-9.9,-58.5,-1.1,3.3,3.5,1.8,-9.4,-40.2,3
3.5,10,isocontour,82.39,-1.5,1.6,-66.2,-0.5,-8.3,8.3,-1.6,2.8,-71.9,10
3.5,11,isocontour,87.54,-0.4,3.7,-79.8,2.5,0.6,2.6,-1.6,2.8,-71.9,10
3.5,12,isocontour,89.13,0.9,-10.1,-53.6,5.3,-1.9,5.6,1.8,-9.4,-40.2,3
3.5,13,isocontour,87.83,1.5,-10.0,-47.9,-2.5,-1.9,3.1,1.8,-9.4,-40.2,3
3.5,14,isocontour,84.14,1.7,4.6,-78.9,-0.8,-0.6,1.0,-1.6,2.8,-71.9,10
3.5,15,isocontour,99.61,9.5,-2.8,-25.2,1.0,-1.3,1.6,9.5,-2.8,-20.9,15
3.5,16,isocontour,89.33,-2.3,1.4,-73.3,0.8,-2.8,2.9,-1.6,2.8,-71.9,10
3.5,17,isocontour,86.82,0.5,-10.0,-54.8,-4.5,7.7,8.9,1.8,-9.4,-40.2,3
3.5,18,isocontour,84.77,0.3,4.6,-87.5,-2.2,-1.5,2.7,-1.6,2.8,-71.9,10
3.5,19,isocontour,90.26,-1.5,3.3,-87.2,-0.1,-5.0,5.0,-1.6,2.8,-71.9,10
3.5,20,isocontour,84.07,-2.1,3.0,-89.6,2.7,0.2,2.7,-1.6,2.8,-71.9,10
3.5,Target,,,4.57,-3.77,-0.111,-2.66,2.01,,,,,
3.6,1,isocontour,86.0,-1.9,2.6,-76.1,-0.4,-1.3,1.4,0.2,3.1,-65.5,8
3.6,2,isocontour,89.9,0.9,-9.6,-48.0,-5.2,3.4,6.2,1.8,-9.4,-40.2,3
3.6,3,isocontour,87.97,0.8,-9.6,-48.9,0.4,3.6,3.6,1.8,-9.4,-40.2,3
3.6,4,isocontour,93.27,-3.1,1.5,-80.0,-5.1,-0.7,5.1,0.2,3.1,-65.5,8
3.6,5,isocontour,87.87,0.2,-9.6,-53.4,-3.7,2.7,4.6,1.8,-9.4,-40.2,3
3.6,6,isocontour,90.44,-1.1,3.2,-74.9,1.5,0.7,1.7,0.2,3.1,-65.5,8
3.6,7,isocontour,88.46,-0.4,-9.7,-60.2,-5.6,0.8,5.7,1.8,-9.4,-40.2,3
3.6,8,isocontour,86.69,0.0,3.2,-63.9,-2.2,1.2,2.5,0.0,3.2,-65.5,8
3.6,9,isocontour,92.72,-0.3,-10.0,-62.8,-2.6,-1.2,2.9,1.8,-9.4,-40.2,3
3.6,10,isocontour,82.38,-1.4,1.7,-59.8,1.5,0.6,1.6,0.2,3.1,-65.5,8
3.6,11,isocontour,87.42,-0.3,4.0,-78.1,1.1,3.4,3.6,0.2,3.1,-65.5,8
3.6,12,isocontour,88.94,0.8,-9.7,-50.4,-1.2,4.0,4.2,1.8,-9.4,-40.2,3
3.6,13,isocontour,87.79,1.6,-10.2,-51.3,1.2,-2.1,2.4,1.8,-9.4,-40.2,3
3.6,14,isocontour,83.68,2.2,4.9,-75.8,5.0,2.5,5.6,0.2,3.1,-65.5,8
3.6,15,isocontour,99.6,9.6,-2.7,-28.7,1.1,1.2,1.6,9.6,-2.7,-20.9,15
3.6,16,isocontour,87.95,-1.5,1.5,-59.0,7.9,1.2,8.0,0.2,3.1,-65.5,8
3.6,17,isocontour,85.71,-0.1,-10.3,-66.0,-6.4,-3.9,7.5,1.8,-9.4,-40.2,3
3.6,18,isocontour,84.68,0.2,4.3,-77.6,-0.9,-3.1,3.2,0.2,3.1,-65.5,8
3.6,19,isocontour,90.15,-1.2,3.6,-81.6,2.5,2.3,3.4,0.2,3.1,-65.5,8
3.6,20,isocontour,83.99,-2.1,3.3,-87.5,-0.0,3.1,3.1,0.2,3.1,-65.5,8
3.6,Target,,,4.31,-3.55,-0.111,-2.52,2.18,,,,,
3.7,1,isocontour,85.54,-2.3,2.3,-80.8,-4.5,-3.3,5.6,-1.5,1.5,-59.0,16
3.7,2,isocontour,89.89,0.9,-9.7,-53.5,-0.6,-1.2,1.3,1.8,-9.4,-40.2,3
3.7,3,isocontour,86.5,-0.0,-9.4,-57.6,-8.1,1.5,8.2,1.8,-9.4,-40.2,3
3.7,4,isocontour,90.77,-3.9,1.0,-92.5,-8.4,-5.1,9.8,-1.5,1.5,-59.0,16
3.7,5,isocontour,87.72,-0.2,-9.7,-62.5,-3.5,-1.5,3.8,1.8,-9.4,-40.2,3
3.7,6,isocontour,90.28,-1.5,3.3,-82.9,-3.7,1.2,3.9,-1.5,1.5,-59.0,16
3.7,7,isocontour,88.45,-0.5,-9.7,-64.8,-1.0,0.7,1.2,1.8,-9.4,-40.2,3
3.7,8,isocontour,86.41,-0.3,2.8,-63.8,-3.2,-3.5,4.7,-1.5,1.5,-59.0,16
3.7,9,isocontour,92.71,-0.3,-10.2,-69.6,-0.3,-1.6,1.6,1.8,-9.4,-40.2,3
3.7,10,isocontour,82.35,-1.5,1.9,-65.3,-0.6,2.1,2.2,-1.5,1.5,-59.0,16
3.7,11,isocontour,84.78,0.2,4.8,-87.8,5.3,8.5,10.0,-1.5,1.5,-59.0,16
3.7,12,isocontour,87.2,0.2,-10.3,-67.1,-6.5,-5.7,8.6,1.8,-9.4,-40.2,3
3.7,13,isocontour,87.49,1.3,-9.8,-52.3,-3.5,3.4,4.9,1.8,-9.4,-40.2,3
3.7,14,isocontour,83.65,2.4,5.0,-76.8,1.5,1.3,2.0,-1.4,1.7,-59.8,10
3.7,15,isocontour,99.59,9.6,-2.5,-25.6,-0.0,1.6,1.6,9.6,-2.5,-20.9,15
3.7,16,isocontour,86.87,-2.0,0.9,-62.9,-5.0,-5.5,7.4,-2.0,0.9,-59.0,16
3.7,17,isocontour,85.59,0.2,-10.4,-67.9,3.5,-0.4,3.5,1.8,-9.4,-40.2,3
3.7,18,isocontour,84.27,0.5,4.7,-83.0,3.0,4.5,5.4,-1.5,1.5,-59.0,16
3.7,19,isocontour,87.59,-1.6,4.5,-101.9,-4.0,9.1,9.9,-1.5,1.5,-59.0,16
3.7,20,isocontour,83.63,-2.2,2.8,-85.6,-1.4,-5.0,5.2,-1.5,1.5,-59.0,16
3.7,Target,,,4.63,-3.44,-0.111,3.14,1.13,,,,,
3.8,1,isocontour,85.42,-2.7,2.2,-79.7,-3.5,-0.8,3.6,-1.5,1.5,-59.0,16
3.8,2,isocontour,89.45,0.3,-9.8,-62.1,-5.4,-1.1,5.5,1.8,-9.4,-40.2,3
3.8,3,isocontour,86.4,0.3,-9.6,-59.9,2.7,-1.7,3.2,1.8,-9.4,-40.2,3
3.8,4,isocontour,90.75,-4.1,0.9,-90.9,-2.1,-0.5,2.2,-1.5,1.5,-59.0,16
3.8,5,isocontour,86.87,0.0,-10.4,-72.7,1.7,-6.6,6.8,1.8,-9.4,-40.2,3
3.8,6,isocontour,89.92,-2.0,3.4,-85.1,-4.9,1.3,5.1,-1.5,1.5,-59.0,16
3.8,7,isocontour,88.44,-0.5,-9.8,-70.3,-0.8,-1.6,1.8,1.8,-9.4,-40.2,3
3.8,8,isocontour,86.37,-0.5,3.0,-62.2,-2.2,1.1,2.5,-1.5,1.5,-59.0,16
3.8,9,isocontour,92.59,-0.4,-9.8,-69.0,-1.2,3.3,3.5,1.8,-9.4,-40.2,3
3.8,10,isocontour,82.31,-1.4,2.1,-62.6,0.3,2.4,2.4,-1.5,1.5,-59.0,16
3.8,11,isocontour,84.78,0.3,4.8,-80.7,0.2,-0.5,0.5,-1.5,1.5,-59.0,16
3.8,12,isocontour,85.91,-0.4,-9.7,-66.6,-5.1,6.0,7.9,1.8,-9.4,-40.2,3
3.8,13,isocontour,87.45,1.0,-9.9,-57.7,-2.4,-0.5,2.5,1.8,-9.4,-40.2,3
3.8,14,isocontour,83.19,1.8,4.9,-71.0,-5.3,-1.7,5.6,-1.5,1.5,-59.0,16
3.8,15,isocontour,99.58,9.7,-2.4,-27.9,1.2,1.0,1.6,9.7,-2.4,-20.9,15
3.8,16,isocontour,86.81,-1.9,1.2,-59.0,1.3,2.4,2.7,-1.5,1.5,-59.0,16
3.8,17,isocontour,85.5,0.3,-10.1,-65.9,0.7,3.1,3.2,1.8,-9.4,-40.2,3
3.8,18,isocontour,84.24,0.7,4.6,-73.7,1.9,-1.2,2.2,-1.5,1.5,-59.0,16
3.8,19,isocontour,87.58,-1.7,4.3,-93.9,-0.3,-1.3,1.3,-1.5,1.5,-59.0,16
3.8,20,isocontour,83.57,-1.9,2.7,-75.6,2.6,-0.9,2.8,-1.5,1.5,-59.0,16
3.8,Target,,,4.49,-3.13,-0.111,-1.36,3.04,,,,,
3.9,1,isocontour,82.92,-3.5,1.7,-83.4,-8.4,-5.1,9.8,-1.5,1.5,-59.0,16
3.9,2,isocontour,89.4,0.3,-10.1,-61.6,-0.4,-2.5,2.5,1.8,-9.4,-40.2,3
3.9,3,isocontour,86.27,-0.0,-9.4,-55.0,-2.7,2.5,3.7,1.8,-9.4,-40.2,3
3.9,4,isocontour,90.39,-3.8,1.3,-85.6,2.9,4.2,5.1,-1.5,1.5,-59.0,16
3.9,5,isocontour,86.81,-0.0,-10.1,-64.7,-0.5,2.9,2.9,1.8,-9.4,-40.2,3
3.9,6,isocontour,89.92,-2.0,3.3,-82.0,-0.7,-1.2,1.4,-1.5,1.5,-59.0,16
3.9,7,isocontour,87.94,-0.8,-10.3,-75.1,-2.7,-5.0,5.7,1.8,-9.4,-40.2,3
3.9,8,isocontour,86.13,-0.9,3.1,-67.0,-4.1,1.9,4.5,-1.5,1.5,-59.0,16
3.9,9,isocontour,91.34,0.1,-10.4,-67.8,5.3,-5.7,7.8,1.8,-9.4,-40.2,3
3.9,10,isocontour,82.26,-1.4,2.4,-63.3,-0.0,2.7,2.7,-1.5,1.5,-59.0,16
3.9,11,isocontour,84.74,0.5,5.0,-81.4,1.8,1.7,2.5,-1.5,1.5,-59.0,16
3.9,12,isocontour,85.49,0.2,-9.8,-59.2,5.3,-1.2,5.4,1.8,-9.4,-40.2,3
3.9,13,isocontour,87.0,0.5,-9.9,-57.5,-5.5,0.2,5.5,1.8,-9.4,-40.2,3
3.9,14,isocontour,83.0,1.5,4.6,-69.3,-3.4,-2.4,4.2,-1.5,1.5,-59.0,16
3.9,15,isocontour,99.56,9.6,-2.5,-29.7,-1.4,-0.7,1.6,9.6,-2.5,-20.9,15
3.9,16,isocontour,86.48,-1.7,1.7,-58.7,1.7,4.7,5.0,-1.5,1.5,-59.0,16
3.9,17,isocontour,83.25,-0.6,-9.9,-66.9,-9.2,2.1,9.4,1.8,-9.4,-40.2,3
3.9,18,isocontour,83.92,0.4,4.2,-70.0,-3.2,-3.7,4.9,-1.5,1.5,-59.0,16
3.9,19,isocontour,87.51,-1.6,4.1,-86.8,1.0,-2.8,3.0,-1.5,1.5,-59.0,16
3.9,20,isocontour,83.33,-1.6,3.1,-74.0,2.9,3.5,4.5,-1.5,1.5,-59.0,16
3.9,Target,,,4.18,-3.25,-0.111,-3.1,-1.22,,,,,
4.0,1,isocontour,82.88,-3.7,1.7,-82.6,-2.4,0.4,2.4,-3.7,1.7,-83.4,1
4.0,2,isocontour,89.4,0.4,-10.0,-63.7,1.1,0.3,1.1,0.4,-10.0,-61.6,2
4.0,3,isocontour,86.21,-0.0,-9.6,-61.4,0.0,-2.8,2.8,-0.0,-9.6,-55.0,3
4.0,4,isocontour,90.22,-3.5,1.5,-76.0,3.8,1.2,4.0,-3.5,1.5,-85.6,4
4.0,5,isocontour,86.32,-0.6,-10.0,-71.0,-5.5,1.3,5.7,-0.6,-10.0,-64.7,5
4.0,6,isocontour,89.85,-2.3,3.5,-81.5,-2.4,1.5,2.8,-2.3,3.5,-82.0,6
4.0,7,isocontour,87.64,-0.6,-9.9,-70.3,1.6,4.6,4.9,-0.6,-9.9,-75.1,7
4.0,8,isocontour,85.9,-1.0,3.6,-68.2,-0.8,4.3,4.4,-1.0,3.6,-67.0,8
4.0,9,isocontour,90.51,-0.6,-10.4,-76.3,-6.8,0.6,6.8,-0.6,-10.4,-67.8,9
4.0,10,isocontour,82.19,-1.5,2.7,-62.4,-0.5,3.0,3.0,-1.5,2.7,-63.3,10
4.0,11,isocontour,83.89,0.9,5.5,-81.3,4.3,5.3,6.8,0.9,5.5,-81.4,11
4.0,12,isocontour,84.78,-0.5,-9.7,-66.4,-6.4,0.9,6.5,-0.5,-9.7,-59.2,12
4.0,13,isocontour,86.98,0.6,-10.0,-61.8,1.3,-1.4,1.9,0.6,-10.0,-57.5,13
4.0,14,isocontour,82.73,1.1,4.4,-62.4,-3.9,-2.4,4.6,1.1,4.4,-69.3,14
4.0,15,isocontour,99.55,9.7,-2.5,-32.3,1.5,-0.6,1.6,9.7,-2.5,-29.7,15
4.0,16,isocontour,86.21,-1.7,2.1,-59.2,-0.4,4.6,4.6,-1.7,2.1,-58.7,16
4.0,17,isocontour,82.96,-0.7,-10.3,-77.2,-0.5,-4.7,4.7,-0.7,-10.3,-66.9,17
4.0,18,isocontour,83.87,0.2,4.1,-64.3,-2.3,-1.4,2.7,0.2,4.1,-70.0,18
4.0,19,isocontour,87.29,-1.2,3.8,-73.6,3.6,-2.5,4.4,-1.2,3.8,-86.8,19
4.0,20,isocontour,82.89,-1.3,3.5,-71.1,3.0,4.5,5.4,-1.3,3.5,-74.0,20
4.0,Target,,,4.06,-2.95,-0.111,-1.24,3.09,,,,,
4.1,1,isocontour,82.03,-4.4,1.7,-92.9,-6.8,-0.6,6.8,-1.7,2.1,-58.7,16
4.1,2,isocontour,87.46,-0.5,-9.9,-63.1,-8.8,1.7,9.0,-0.0,-9.6,-55.0,3
4.1,3,isocontour,86.07,-0.4,-9.8,-61.2,-3.5,-1.6,3.8,-0.4,-9.8,-55.0,3
4.1,4,isocontour,89.84,-3.0,1.4,-67.8,5.1,-1.1,5.2,-1.7,2.1,-58.7,16
4.1,5,isocontour,85.51,-0.6,-10.6,-75.2,-0.2,-6.7,6.7,-0.0,-9.6,-55.0,3
4.1,6,isocontour,88.88,-3.0,3.7,-95.3,-6.7,2.6,7.2,-1.7,2.1,-58.7,16
4.1,7,isocontour,86.79,-1.2,-10.2,-75.1,-6.0,-3.3,6.8,-0.0,-9.6,-55.0,3
4.1,8,isocontour,85.89,-0.9,3.6,-69.6,1.4,0.5,1.5,-1.7,2.1,-58.7,16
4.1,9,isocontour,90.32,-0.6,-10.0,-65.5,-0.7,4.1,4.2,-0.0,-9.6,-55.0,3
4.1,10,isocontour,81.95,-1.3,3.1,-66.8,1.8,4.0,4.4,-1.7,2.1,-58.7,16
4.1,11,isocontour,82.87,1.4,6.0,-90.9,5.4,4.9,7.3,-1.7,2.1,-58.7,16
4.1,12,isocontour,84.75,-0.3,-9.6,-57.8,2.0,1.2,2.3,-0.0,-9.6,-55.0,3
4.1,13,isocontour,86.97,0.7,-9.9,-54.8,0.3,1.3,1.3,-0.0,-9.6,-55.0,3
4.1,14,isocontour,82.61,0.8,4.2,-65.3,-3.3,-1.5,3.6,-1.7,2.1,-58.7,16
4.1,15,isocontour,99.54,9.6,-2.4,-33.4,-1.2,1.1,1.6,9.6,-2.4,-29.7,15
4.1,16,isocontour,85.82,-1.7,2.6,-66.1,0.1,5.3,5.3,-1.7,2.6,-58.7,16
4.1,17,isocontour,81.55,-1.5,-10.2,-77.9,-8.0,1.1,8.1,-0.0,-9.6,-55.0,3
4.1,18,isocontour,83.7,-0.1,3.8,-66.1,-3.2,-2.4,4.0,-1.7,2.1,-58.7,16
4.1,19,isocontour,86.78,-1.6,4.2,-86.0,-4.3,3.9,5.8,-1.7,2.1,-58.7,16
4.1,20,isocontour,82.43,-1.9,3.7,-81.0,-5.4,1.5,5.6,-1.7,2.1,-58.7,16
4.1,Target,,,3.89,-3.23,-0.111,-1.72,-2.86,,,,,
4.2,1,isocontour,82.03,-4.3,1.6,-97.5,0.9,-0.4,1.0,-1.7,2.1,-58.7,16
4.2,2,isocontour,86.44,-1.1,-10.2,-73.1,-6.6,-3.1,7.3,0.7,-9.9,-54.8,13
4.2,3,isocontour,86.04,-0.1,-9.8,-58.9,2.2,-0.2,2.2,0.7,-9.9,-54.8,13
4.2,4,isocontour,89.39,-2.7,1.8,-74.5,2.7,4.8,5.5,-1.7,2.1,-58.7,16
4.2,5,isocontour,84.97,-0.8,-10.1,-68.9,-2.1,5.5,5.9,0.7,-9.9,-54.8,13
4.2,6,isocontour,88.81,-2.9,4.0,-105.8,0.2,2.9,2.9,-1.7,2.1,-58.7,16
4.2,7,isocontour,86.47,-0.7,-10.2,-69.4,4.9,0.2,4.9,0.7,-9.9,-54.8,13
4.2,8,isocontour,85.79,-1.1,3.8,-80.6,-2.8,1.8,3.3,-1.7,2.1,-58.7,16
4.2,9,isocontour,89.45,-1.2,-10.3,-75.2,-6.2,-3.0,6.9,0.7,-9.9,-54.8,13
4.2,10,isocontour,81.49,-1.7,3.5,-82.1,-3.9,4.1,5.7,-1.7,2.1,-58.7,16
4.2,11,isocontour,82.84,1.5,6.2,-99.0,1.1,1.7,2.0,-1.7,2.1,-58.7,16
4.2,12,isocontour,84.7,-0.4,-9.4,-56.8,-1.9,1.8,2.6,0.7,-9.9,-54.8,13
4.2,13,isocontour,86.9,0.4,-9.8,-55.1,-3.0,0.5,3.0,0.4,-9.8,-54.8,13
4.2,14,isocontour,82.57,0.5,4.2,-70.7,-2.3,-0.7,2.4,-1.7,2.1,-58.7,16
4.2,15,isocontour,99.53,9.5,-2.5,-29.3,-1.4,-0.7,1.6,9.5,-2.5,-29.7,15
4.2,16,isocontour,85.47,-1.6,3.1,-76.3,1.3,4.9,5.1,-1.6,3.1,-58.7,16
4.2,17,isocontour,79.6,-2.3,-9.9,-83.8,-8.5,3.1,9.0,0.7,-9.9,-54.8,13
4.2,18,isocontour,83.47,-0.6,3.9,-76.6,-4.3,1.0,4.4,-1.7,2.1,-58.7,16
4.2,19,isocontour,86.58,-1.8,3.8,-88.1,-1.6,-3.9,4.2,-1.7,2.1,-58.7,16
4.2,20,isocontour,82.32,-2.1,3.9,-93.6,-2.2,2.6,3.4,-1.7,2.1,-58.7,16
4.2,Target,,,4.14,-3.45,-0.111,2.53,-2.17,,,,,
4.3,1,isocontour,81.63,-3.8,1.8,-86.3,4.9,1.9,5.3,-1.7,2.1,-58.7,16
4.3,2,isocontour,84.64,-1.8,-9.6,-69.0,-6.5,5.9,8.8,0.7,-9.9,-54.8,13
4.3,3,isocontour,85.6,-0.7,-9.9,-61.4,-5.5,-0.5,5.5,0.7,-9.9,-54.8,13
4.3,4,isocontour,88.94,-2.4,2.3,-71.7,2.9,4.7,5.5,-1.7,2.1,-58.7,16
4.3,5,isocontour,84.72,-1.0,-9.7,-62.4,-2.1,4.0,4.5,0.7,-9.9,-54.8,13
4.3,6,isocontour,88.75,-2.7,3.9,-95.7,2.4,-1.6,2.9,-1.7,2.1,-58.7,16
4.3,7,isocontour,86.3,-0.7,-9.8,-60.3,0.8,3.9,4.0,0.7,-9.9,-54.8,13
4.3,8,isocontour,85.67,-0.8,3.8,-74.1,3.5,0.2,3.5,-1.7,2.1,-58.7,16
4.3,9,isocontour,87.57,-2.0,-9.7,-72.4,-7.2,5.3,8.9,0.7,-9.9,-54.8,13
4.3,10,isocontour,80.38,-2.0,2.8,-73.2,-3.2,-6.7,7.4,-1.7,2.1,-58.7,16
4.3,11,isocontour,82.46,1.2,5.7,-90.9,-3.1,-4.3,5.3,-1.7,2.1,-58.7,16
4.3,12,isocontour,84.64,-0.6,-9.7,-58.1,-1.6,-2.4,2.9,0.7,-9.9,-54.8,13
4.3,13,isocontour,86.83,0.1,-10.0,-56.3,-2.6,-1.4,3.0,0.1,-10.0,-54.8,13
4.3,14,isocontour,82.51,0.3,4.0,-67.8,-2.3,-1.6,2.8,-1.7,2.1,-58.7,16
4.3,15,isocontour,99.52,9.4,-2.7,-32.2,-0.4,-1.5,1.6,9.4,-2.7,-29.3,15
4.3,16,isocontour,85.45,-1.4,3.2,-71.1,2.0,0.4,2.0,-1.4,3.2,-58.7,16
4.3,17,isocontour,79.59,-2.4,-9.8,-78.2,-0.4,1.4,1.5,0.7,-9.9,-54.8,13
4.3,18,isocontour,83.37,-0.9,4.0,-77.6,-3.3,0.6,3.4,-1.7,2.1,-58.7,16
4.3,19,isocontour,84.9,-1.0,4.0,-79.2,8.3,2.3,8.6,-1.7,2.1,-58.7,16
4.3,20,isocontour,82.32,-2.2,4.0,-91.6,-0.4,0.9,1.0,-1.7,2.1,-58.7,16
4.3,Target,,,3.81,-3.45,-0.111,-3.33,-0.07,,,,,
4.4,1,isocontour,81.46,-3.6,2.2,-93.1,2.1,3.4,4.0,-1.7,2.1,-58.7,16
4.4,2,isocontour,84.61,-1.6,-9.4,-66.1,1.5,1.5,2.1,0.7,-9.9,-54.8,13
4.4,3,isocontour,84.88,-1.0,-10.4,-71.8,-3.4,-5.5,6.5,0.7,-9.9,-54.8,13
4.4,4,isocontour,88.47,-2.0,2.7,-78.2,3.6,4.3,5.6,-1.7,2.1,-58.7,16
4.4,5,isocontour,83.73,-1.8,-9.7,-70.2,-7.2,0.2,7.2,0.7,-9.9,-54.8,13
4.4,6,isocontour,88.35,-2.2,3.9,-96.3,5.3,0.6,5.3,-1.7,2.1,-58.7,16
4.4,7,isocontour,86.3,-0.6,-9.7,-59.0,0.5,0.7,0.9,0.7,-9.9,-54.8,13
4.4,8,isocontour,85.65,-0.9,4.0,-83.1,-0.8,1.8,2.0,-1.7,2.1,-58.7,16
4.4,9,isocontour,86.02,-2.8,-9.9,-86.0,-8.1,-2.0,8.3,0.7,-9.9,-54.8,13
4.4,10,isocontour,80.37,-1.8,2.8,-77.2,1.8,0.3,1.8,-1.7,2.1,-58.7,16
4.4,11,isocontour,82.21,1.0,5.3,-90.2,-2.2,-4.0,4.6,-1.7,2.1,-58.7,16
4.4,12,isocontour,84.62,-0.6,-9.5,-55.4,0.5,1.9,2.0,0.7,-9.9,-54.8,13
4.4,13,isocontour,86.36,-0.5,-9.9,-59.6,-5.6,0.7,5.6,-0.5,-9.9,-54.8,13
4.4,14,isocontour,82.07,-0.3,4.0,-76.9,-5.5,-0.2,5.5,-1.7,2.1,-58.7,16
4.4,15,isocontour,99.51,9.3,-2.5,-29.1,-0.8,1.4,1.6,9.3,-2.5,-29.3,15
4.4,16,isocontour,85.34,-1.5,3.5,-82.1,-0.7,3.4,3.5,-1.5,3.5,-58.7,16
4.4,17,isocontour,76.97,-3.4,-9.9,-94.3,-9.9,-1.2,10.0,0.7,-9.9,-54.8,13
4.4,18,isocontour,81.61,-0.4,4.7,-90.5,4.7,7.3,8.7,-1.7,2.1,-58.7,16
4.4,19,isocontour,84.4,-1.2,4.6,-95.5,-2.0,5.4,5.8,-1.7,2.1,-58.7,16
4.4,20,isocontour,82.16,-1.9,3.8,-90.4,3.0,-2.5,3.9,-1.7,2.1,-58.7,16
4.4,Target,,,4.07,-3.66,-0.111,2.66,-2.0,,,,,
4.5,1,isocontour,81.22,-3.2,2.2,-86.3,4.4,0.6,4.4,-1.7,2.1,-58.7,16
4.5,2,isocontour,84.58,-1.9,-9.4,-62.5,-2.1,0.6,2.2,0.7,-9.9,-54.8,13
4.5,3,isocontour,84.46,-1.4,-10.0,-65.3,-3.8,3.8,5.4,0.7,-9.9,-54.8,13
4.5,4,isocontour,87.82,-2.5,2.4,-79.4,-5.0,-3.8,6.3,-1.7,2.1,-58.7,16
4.5,5,isocontour,81.78,-2.2,-10.4,-79.8,-4.8,-7.6,9.0,0.7,-9.9,-54.8,13
4.5,6,isocontour,88.33,-2.4,3.8,-97.7,-1.9,-0.8,2.1,-1.7,2.1,-58.7,16
4.5,7,isocontour,84.95,-1.4,-9.7,-61.9,-8.0,-0.1,8.0,0.7,-9.9,-54.8,13
4.5,8,isocontour,85.23,-1.3,3.6,-82.4,-4.0,-3.7,5.4,-1.7,2.1,-58.7,16
4.5,9,isocontour,85.99,-2.5,-9.9,-76.6,2.4,0.3,2.4,0.7,-9.9,-54.8,13
4.5,10,isocontour,80.33,-1.6,2.9,-75.7,2.2,0.8,2.3,-1.7,2.1,-58.7,16
4.5,11,isocontour,82.17,0.8,5.2,-90.7,-1.8,-1.6,2.4,-1.7,2.1,-58.7,16
4.5,12,isocontour,84.15,-0.9,-9.0,-48.2,-3.0,4.7,5.6,0.7,-9.9,-54.8,13
4.5,13,isocontour,85.93,-0.7,-10.4,-63.0,-2.6,-4.8,5.5,-0.7,-10.4,-54.8,13
4.5,14,isocontour,81.96,-0.5,3.7,-76.2,-2.3,-2.5,3.4,-1.7,2.1,-58.7,16
4.5,15,isocontour,99.5,9.5,-2.6,-34.0,1.6,-0.4,1.6,9.5,-2.6,-29.1,15
4.5,16,isocontour,84.91,-1.6,3.0,-77.0,-1.6,-5.2,5.4,-1.6,3.0,-58.7,16
4.5,17,isocontour,76.97,-3.3,-9.8,-85.7,0.9,0.7,1.1,0.7,-9.9,-54.8,13
4.5,18,isocontour,81.59,-0.3,4.6,-88.8,1.5,-1.2,1.9,-1.7,2.1,-58.7,16
4.5,19,isocontour,84.38,-1.2,4.8,-99.8,0.1,1.9,1.9,-1.7,2.1,-58.7,16
4.5,20,isocontour,81.34,-1.3,3.5,-79.7,6.0,-3.1,6.8,-1.7,2.1,-58.7,16
4.5,Target,,,3.82,-3.88,-0.111,-2.5,-2.2,,,,,
4.6,1,isocontour,81.18,-3.0,2.4,-90.7,2.1,1.2,2.4,-1.7,2.1,-58.7,16
4.6,2,isocontour,84.32,-2.2,-9.7,-72.5,-3.0,-3.5,4.6,-0.9,-9.0,-48.2,12
4.6,3,isocontour,83.34,-2.1,-10.3,-78.7,-7.1,-2.5,7.5,-0.9,-9.0,-48.2,12
4.6,4,isocontour,85.17,-3.2,1.6,-85.4,-6.7,-7.4,10.0,-1.7,2.1,-58.7,16
4.6,5,isocontour,81.73,-2.4,-10.2,-80.9,-1.2,2.3,2.6,-0.9,-9.0,-48.2,12
4.6,6,isocontour,88.29,-2.1,3.7,-98.8,2.1,-1.3,2.5,-1.7,2.1,-58.7,16
4.6,7,isocontour,84.47,-1.9,-9.5,-67.4,-5.2,2.3,5.7,-0.9,-9.0,-48.2,12
4.6,8,isocontour,83.46,-0.7,4.3,-91.4,6.0,6.4,8.8,-1.7,2.1,-58.7,16
4.6,9,isocontour,85.57,-2.3,-10.4,-82.9,1.9,-5.0,5.3,-0.9,-9.0,-48.2,12
4.6,10,isocontour,80.32,-1.8,3.0,-83.9,-1.6,0.9,1.8,-1.7,2.1,-58.7,16
4.6,11,isocontour,82.13,0.6,5.0,-93.1,-1.8,-1.6,2.4,-1.7,2.1,-58.7,16
4.6,12,isocontour,83.91,-1.1,-9.4,-56.3,-1.9,-4.1,4.5,-1.1,-9.4,-48.2,12
4.6,13,isocontour,85.31,-1.0,-9.8,-60.4,-2.8,5.5,6.2,-0.9,-9.0,-48.2,12
4.6,14,isocontour,81.89,-0.8,3.7,-83.5,-3.0,-0.1,3.0,-1.7,2.1,-58.7,16
4.6,15,isocontour,99.49,9.4,-2.6,-29.1,-1.5,-0.4,1.6,9.4,-2.6,-29.1,15
4.6,16,isocontour,84.79,-2.0,3.0,-86.5,-3.5,0.1,3.5,-2.0,3.0,-58.7,16
4.6,17,isocontour,76.5,-2.8,-10.1,-84.9,5.0,-2.6,5.6,-0.9,-9.0,-48.2,12
4.6,18,isocontour,81.44,-0.6,4.5,-94.1,-3.5,-1.5,3.8,-1.7,2.1,-58.7,16
4.6,19,isocontour,84.13,-1.1,4.3,-96.9,0.4,-4.5,4.5,-1.7,2.1,-58.7,16
4.6,20,isocontour,80.53,-1.0,2.9,-73.0,2.8,-6.1,6.7,-1.7,2.1,-58.7,16
4.6,Target,,,4.13,-3.99,-0.111,3.12,-1.16,,,,,
4.7,1,isocontour,80.72,-2.5,2.6,-92.5,5.2,2.0,5.6,-1.7,2.1,-58.7,16
4.7,2,isocontour,83.48,-2.5,-10.3,-83.6,-3.0,-6.1,6.8,-0.9,-9.0,-48.2,12
4.7,3,isocontour,83.34,-2.1,-10.4,-79.4,-0.1,-0.7,0.7,-0.9,-9.0,-48.2,12
4.7,4,isocontour,85.14,-3.1,1.5,-87.2,1.5,-1.7,2.3,-1.7,2.1,-58.7,16
4.7,5,isocontour,80.42,-3.1,-10.1,-90.1,-7.8,1.4,7.9,-0.9,-9.0,-48.2,12
4.7,6,isocontour,88.17,-2.0,3.4,-98.5,1.7,-3.1,3.5,-1.7,2.1,-58.7,16
4.7,7,isocontour,84.39,-1.8,-9.8,-68.2,1.6,-2.6,3.1,-0.9,-9.0,-48.2,12
4.7,8,isocontour,83.45,-0.7,4.1,-94.8,0.2,-1.7,1.7,-1.7,2.1,-58.7,16
4.7,9,isocontour,84.16,-3.1,-10.5,-95.7,-8.0,-1.4,8.1,-0.9,-9.0,-48.2,12
4.7,10,isocontour,79.29,-1.0,3.1,-82.6,7.3,0.6,7.3,-1.7,2.1,-58.7,16
4.7,11,isocontour,82.06,0.5,4.7,-95.6,-1.5,-2.7,3.1,-1.7,2.1,-58.7,16
4.7,12,isocontour,83.48,-1.4,-9.0,-56.5,-3.9,3.8,5.4,-0.9,-9.0,-48.2,12
4.7,13,isocontour,85.26,-1.2,-9.9,-63.5,-2.2,-1.0,2.4,-0.9,-9.0,-48.2,12
4.7,14,isocontour,81.7,-0.7,3.3,-82.7,0.6,-4.1,4.1,-1.7,2.1,-58.7,16
4.7,15,isocontour,99.48,9.3,-2.5,-27.2,-0.9,1.3,1.6,9.3,-2.5,-29.1,15
4.7,16,isocontour,84.79,-2.1,3.1,-95.1,-1.0,0.7,1.2,-2.1,3.1,-58.7,16
4.7,17,isocontour,75.84,-2.2,-9.8,-73.9,5.4,3.1,6.2,-0.9,-9.0,-48.2,12
4.7,18,isocontour,81.44,-0.5,4.5,-100.9,1.0,0.8,1.3,-1.7,2.1,-58.7,16
4.7,19,isocontour,83.97,-1.1,3.9,-96.6,0.3,-3.9,3.9,-1.7,2.1,-58.7,16
4.7,20,isocontour,80.47,-1.2,2.7,-78.5,-2.2,-2.0,3.0,-1.7,2.1,-58.7,16
4.7,Target,,,4.35,-4.24,-0.111,2.19,-2.52,,,,,
4.8,1,isocontour,80.68,-2.2,2.6,-88.6,2.3,0.9,2.5,-1.7,2.1,-58.7,16
4.8,2,isocontour,83.43,-2.4,-10.1,-85.8,0.2,2.6,2.6,-0.9,-9.0,-48.2,12
4.8,3,isocontour,82.38,-1.6,-10.8,-84.7,5.3,-4.8,7.2,-0.9,-9.0,-48.2,12
4.8,4,isocontour,84.77,-2.6,1.7,-81.4,4.8,2.0,5.2,-1.7,2.1,-58.7,16
4.8,5,isocontour,80.37,-2.9,-9.9,-90.9,2.2,1.5,2.7,-0.9,-9.0,-48.2,12
4.8,6,isocontour,87.99,-1.6,3.5,-93.1,3.8,1.3,4.0,-1.7,2.1,-58.7,16
4.8,7,isocontour,84.22,-1.9,-10.2,-79.4,-1.1,-3.9,4.1,-0.9,-9.0,-48.2,12
4.8,8,isocontour,83.4,-0.7,3.9,-87.9,-0.5,-2.6,2.6,-1.7,2.1,-58.7,16
4.8,9,isocontour,83.88,-3.1,-10.1,-95.4,0.2,4.7,4.7,-0.9,-9.0,-48.2,12
4.8,10,isocontour,79.19,-0.7,2.9,-74.9,3.0,-1.3,3.3,-1.7,2.1,-58.7,16
4.8,11,isocontour,81.6,0.1,4.3,-87.2,-3.6,-4.3,5.6,-1.7,2.1,-58.7,16
4.8,12,isocontour,83.27,-1.5,-9.5,-66.3,-0.6,-4.2,4.2,-0.9,-9.0,-48.2,12
4.8,13,isocontour,85.07,-1.5,-10.2,-75.8,-3.0,-2.9,4.2,-0.9,-9.0,-48.2,12
4.8,14,isocontour,79.77,0.2,3.4,-73.2,8.9,1.3,9.0,-1.7,2.1,-58.7,16
4.8,15,isocontour,99.46,9.4,-2.3,-26.1,0.9,1.3,1.6,9.4,-2.3,-27.2,15
4.8,16,isocontour,84.19,-2.0,2.5,-83.0,1.3,-5.9,6.0,-2.0,2.5,-58.7,16
4.8,17,isocontour,75.52,-2.4,-10.2,-86.9,-1.3,-4.8,5.0,-0.9,-9.0,-48.2,12
4.8,18,isocontour,81.38,-0.7,4.3,-95.7,-1.9,-2.1,2.8,-1.7,2.1,-58.7,16
4.8,19,isocontour,83.79,-1.3,3.6,-90.3,-2.0,-3.5,4.0,-1.7,2.1,-58.7,16
4.8,20,isocontour,80.08,-1.2,2.1,-69.9,-0.3,-5.2,5.2,-1.7,2.1,-58.7,16
4.8,Target,,,4.5,-3.94,-0.111,1.47,2.99,,,,,
4.9,1,isocontour,80.68,-2.1,2.7,-84.3,1.0,0.2,1.0,-1.7,2.1,-58.7,16
4.9,2,isocontour,83.11,-2.2,-9.6,-72.7,2.0,4.5,4.9,-0.9,-9.0,-48.2,12
4.9,3,isocontour,82.09,-1.3,-10.5,-71.5,3.3,3.5,4.8,-0.9,-9.0,-48.2,12
4.9,4,isocontour,84.5,-2.8,1.2,-75.7,-1.9,-4.3,4.7,-1.7,2.1,-58.7,16
4.9,5,isocontour,79.88,-2.4,-9.8,-76.2,5.6,1.2,5.7,-0.9,-9.0,-48.2,12
4.9,6,isocontour,87.63,-1.9,3.1,-87.9,-3.1,-4.1,5.1,-1.7,2.1,-58.7,16
4.9,7,isocontour,84.08,-1.9,-9.8,-70.1,-0.2,3.8,3.8,-0.9,-9.0,-48.2,12
4.9,8,isocontour,83.34,-0.8,3.6,-82.4,-0.8,-2.7,2.8,-1.7,2.1,-58.7,16
4.9,9,isocontour,83.88,-3.0,-10.1,-88.5,0.8,-0.0,0.8,-0.9,-9.0,-48.2,12
4.9,10,isocontour,78.75,-0.8,2.4,-66.4,-0.9,-5.4,5.5,-1.7,2.1,-58.7,16
4.9,11,isocontour,81.54,0.0,4.1,-82.6,-1.2,-2.5,2.8,-1.7,2.1,-58.7,16
4.9,12,isocontour,83.04,-1.6,-9.9,-67.6,-0.8,-4.4,4.5,-0.9,-9.0,-48.2,12
4.9,13,isocontour,84.8,-1.6,-9.8,-66.9,-1.1,4.5,4.6,-0.9,-9.0,-48.2,12
4.9,14,isocontour,79.68,0.3,3.2,-66.3,1.6,-2.8,3.2,-1.7,2.1,-58.7,16
4.9,15,isocontour,99.45,9.4,-2.5,-30.2,1.0,-1.3,1.6,9.4,-2.5,-26.1,15
4.9,16,isocontour,82.5,-1.2,2.0,-65.7,7.1,-4.8,8.6,-1.2,2.0,-58.7,16
4.9,17,isocontour,74.19,-1.6,-10.3,-73.1,7.9,-1.0,8.0,-0.9,-9.0,-48.2,12
4.9,18,isocontour,81.29,-0.8,4.0,-88.9,-0.3,-3.1,3.1,-1.7,2.1,-58.7,16
4.9,19,isocontour,83.67,-1.0,3.5,-82.6,3.4,-1.1,3.6,-1.7,2.1,-58.7,16
4.9,20,isocontour,80.08,-1.3,2.0,-66.1,-0.3,-1.1,1.1,-1.7,2.1,-58.7,16
4.9,Target,,,4.18,-4.02,-0.111,-3.24,-0.77,,,,,
5.0,1,isocontour,80.62,-1.9,2.8,-89.5,2.1,1.7,2.7,-1.9,2.8,-84.3,1
5.0,2,isocontour,83.06,-2.5,-9.7,-74.4,-2.6,-0.8,2.7,-2.5,-9.7,-72.7,2
5.0,3,isocontour,81.95,-1.4,-10.1,-65.2,-1.2,3.6,3.8,-1.4,-10.1,-71.5,3
5.0,4,isocontour,84.49,-2.7,1.3,-80.8,0.5,1.1,1.2,-2.7,1.3,-75.7,4
5.0,5,isocontour,78.33,-2.9,-10.4,-88.3,-5.3,-6.4,8.3,-2.9,-10.4,-76.2,5
5.0,6,isocontour,87.41,-1.5,3.3,-91.1,4.0,1.5,4.3,-1.5,3.3,-87.9,6
5.0,7,isocontour,83.83,-2.4,-9.7,-72.8,-4.5,0.3,4.5,-2.4,-9.7,-70.1,7
5.0,8,isocontour,82.26,-0.1,4.0,-88.1,6.4,3.7,7.4,-0.1,4.0,-82.4,8
5.0,9,isocontour,83.5,-2.6,-9.7,-76.3,4.1,3.3,5.3,-2.6,-9.7,-88.5,9
5.0,10,isocontour,78.49,-1.1,2.8,-79.4,-3.0,3.5,4.6,-1.1,2.8,-66.4,10
5.0,11,isocontour,81.08,0.4,4.5,-93.1,3.5,4.3,5.5,0.4,4.5,-82.6,11
5.0,12,isocontour,82.94,-1.8,-10.2,-70.1,-2.0,-2.7,3.4,-1.8,-10.2,-67.6,12
5.0,13,isocontour,84.67,-1.7,-9.4,-61.6,-1.0,3.5,3.6,-1.7,-9.4,-66.9,13
5.0,14,isocontour,79.55,0.0,3.3,-76.7,-3.2,1.6,3.6,0.0,3.3,-66.3,14
5.0,15,isocontour,99.44,9.4,-2.3,-30.3,-0.8,1.4,1.6,9.4,-2.3,-30.2,15
5.0,16,isocontour,82.13,-0.9,2.4,-72.0,3.4,3.9,5.2,-0.9,2.4,-65.7,16
5.0,17,isocontour,73.33,-2.2,-10.0,-72.4,-5.7,3.8,6.9,-2.2,-10.0,-73.1,17
5.0,18,isocontour,81.12,-1.0,3.7,-93.2,-2.8,-2.8,4.0,-1.0,3.7,-88.9,18
5.0,19,isocontour,83.47,-1.3,3.7,-95.7,-3.6,2.2,4.2,-1.3,3.7,-82.6,19
5.0,20,isocontour,79.73,-1.5,2.4,-79.7,-2.8,4.2,5.0,-1.5,2.4,-66.1,20
5.0,Target,,,4.25,-4.35,-0.111,0.74,-3.25,,,,,
5.1,1,isocontour,80.46,-1.6,2.7,-80.6,3.5,-1.7,3.9,-0.9,2.4,-65.7,16
5.1,2,isocontour,80.93,-2.9,-10.6,-95.6,-3.9,-8.4,9.3,-1.7,-9.4,-61.6,13
5.1,3,isocontour,81.31,-1.6,-9.6,-66.7,-2.4,5.8,6.3,-1.7,-9.4,-61.6,13
5.1,4,isocontour,84.45,-2.9,1.2,-81.0,-2.0,-1.5,2.5,-0.9,2.4,-65.7,16
5.1,5,isocontour,77.67,-2.7,-9.8,-84.3,1.8,6.0,6.3,-1.7,-9.4,-61.6,13
5.1,6,isocontour,87.22,-1.3,2.9,-81.3,1.5,-3.9,4.2,-0.9,2.4,-65.7,16
5.1,7,isocontour,83.82,-2.2,-9.7,-75.1,1.5,1.0,1.8,-1.7,-9.4,-61.6,13
5.1,8,isocontour,82.24,-0.0,3.8,-81.3,1.1,-1.5,1.9,-0.9,2.4,-65.7,16
5.1,9,isocontour,82.81,-3.0,-10.2,-93.5,-4.2,-4.7,6.3,-1.7,-9.4,-61.6,13
5.1,10,isocontour,78.11,-1.1,2.2,-70.0,0.1,-5.2,5.2,-0.9,2.4,-65.7,16
5.1,11,isocontour,81.06,0.5,4.7,-91.2,1.0,1.6,1.9,-0.9,2.4,-65.7,16
5.1,12,isocontour,81.01,-2.6,-9.8,-82.4,-8.3,3.4,9.0,-1.7,-9.4,-61.6,13
5.1,13,isocontour,84.58,-2.0,-9.5,-71.3,-3.1,-0.8,3.2,-2.0,-9.5,-61.6,13
5.1,14,isocontour,79.22,-0.5,3.2,-76.4,-4.8,-1.2,4.9,-0.9,2.4,-65.7,16
5.1,15,isocontour,99.43,9.2,-2.4,-26.0,-1.2,-1.0,1.6,9.2,-2.4,-30.2,15
5.1,16,isocontour,82.09,-1.1,2.4,-72.2,-2.4,-0.2,2.4,-1.1,2.4,-65.7,16
5.1,17,isocontour,73.3,-2.1,-10.2,-79.1,0.9,-2.0,2.2,-1.7,-9.4,-61.6,13
5.1,18,isocontour,80.74,-0.8,3.3,-80.6,2.4,-4.7,5.3,-0.9,2.4,-65.7,16
5.1,19,isocontour,83.47,-1.4,3.7,-93.9,-1.1,-0.1,1.1,-0.9,2.4,-65.7,16
5.1,20,isocontour,79.27,-1.9,2.0,-76.7,-3.6,-4.2,5.5,-0.9,2.4,-65.7,16
5.1,Target,,,4.41,-4.05,-0.111,1.55,2.95,,,,,
